source,source_id,day,start_time,end_time,is_overnight,is_late_night_11pm
yelp,-FA84VJIyH2pguzNbZuBPw,0,07 : 00,19 : 30,0,0
yelp,-FA84VJIyH2pguzNbZuBPw,1,07 : 00,19 : 30,0,0
yelp,-FA84VJIyH2pguzNbZuBPw,2,07 : 00,19 : 30,0,0
yelp,-FA84VJIyH2pguzNbZuBPw,3,07 : 00,19 : 30,0,0
yelp,-FA84VJIyH2pguzNbZuBPw,4,07 : 00,19 : 30,0,0
yelp,-FA84VJIyH2pguzNbZuBPw,5,07 : 00,19 : 30,0,0
yelp,-FA84VJIyH2pguzNbZuBPw,6,07 : 00,19 : 30,0,0
yelp,-i20Yl0MTUr-i1N-58-JJA,0,11 : 00,21 : 00,0,0
yelp,-i20Yl0MTUr-i1N-58-JJA,1,11 : 00,21 : 00,0,0
yelp,-i20Yl0MTUr-i1N-58-JJA,2,11 : 00,21 : 00,0,0
yelp,-i20Yl0MTUr-i1N-58-JJA,3,11 : 00,21 : 00,0,0
yelp,-i20Yl0MTUr-i1N-58-JJA,4,11 : 00,21 : 00,0,0
yelp,-i20Yl0MTUr-i1N-58-JJA,5,11 : 00,21 : 00,0,0
yelp,-i20Yl0MTUr-i1N-58-JJA,6,11 : 00,21 : 00,0,0
yelp,-vD0CxKDZ2ux34GsS1P9eQ,0,11 : 00,22 : 00,0,0
yelp,-vD0CxKDZ2ux34GsS1P9eQ,1,11 : 00,22 : 00,0,0
yelp,-vD0CxKDZ2ux34GsS1P9eQ,2,11 : 00,22 : 00,0,0
yelp,-vD0CxKDZ2ux34GsS1P9eQ,3,11 : 00,22 : 00,0,0
yelp,-vD0CxKDZ2ux34GsS1P9eQ,4,11 : 00,22 : 00,0,0
yelp,-vD0CxKDZ2ux34GsS1P9eQ,5,11 : 00,22 : 00,0,0
yelp,-vD0CxKDZ2ux34GsS1P9eQ,6,11 : 00,22 : 00,0,0
yelp,0mjo-giJPlOiJTBSvKaxCw,1,11 : 00,22 : 00,0,0
yelp,0mjo-giJPlOiJTBSvKaxCw,2,11 : 00,22 : 00,0,0
yelp,0mjo-giJPlOiJTBSvKaxCw,3,11 : 00,22 : 00,0,0
yelp,0mjo-giJPlOiJTBSvKaxCw,4,11 : 00,22 : 00,0,0
yelp,0mjo-giJPlOiJTBSvKaxCw,5,11 : 00,22 : 00,0,0
yelp,0mjo-giJPlOiJTBSvKaxCw,6,11 : 00,22 : 00,0,0
yelp,0ylNWojL5QsRRpQsJ2bapA,0,11 : 00,21 : 30,0,0
yelp,0ylNWojL5QsRRpQsJ2bapA,1,11 : 00,21 : 30,0,0
yelp,0ylNWojL5QsRRpQsJ2bapA,2,11 : 00,21 : 30,0,0
yelp,0ylNWojL5QsRRpQsJ2bapA,3,11 : 00,21 : 30,0,0
yelp,0ylNWojL5QsRRpQsJ2bapA,4,11 : 00,22 : 00,0,0
yelp,0ylNWojL5QsRRpQsJ2bapA,5,11 : 00,22 : 00,0,0
yelp,0ylNWojL5QsRRpQsJ2bapA,6,12 : 00,21 : 30,0,0
yelp,12CqiOV1GVOO_OknEgUJ9A,0,10 : 00,22 : 00,0,0
yelp,12CqiOV1GVOO_OknEgUJ9A,1,10 : 00,22 : 00,0,0
yelp,12CqiOV1GVOO_OknEgUJ9A,2,10 : 00,22 : 00,0,0
yelp,12CqiOV1GVOO_OknEgUJ9A,3,10 : 00,22 : 00,0,0
yelp,12CqiOV1GVOO_OknEgUJ9A,4,10 : 00,22 : 00,0,0
yelp,12CqiOV1GVOO_OknEgUJ9A,5,10 : 00,22 : 00,0,0
yelp,1s_5CutChvh7UjfsPXmnKw,0,00 : 00,00 : 00,0,0
yelp,1s_5CutChvh7UjfsPXmnKw,1,00 : 00,00 : 00,0,0
yelp,1s_5CutChvh7UjfsPXmnKw,2,00 : 00,00 : 00,0,0
yelp,1s_5CutChvh7UjfsPXmnKw,3,00 : 00,00 : 00,0,0
yelp,1s_5CutChvh7UjfsPXmnKw,4,00 : 00,00 : 00,0,0
yelp,1s_5CutChvh7UjfsPXmnKw,5,00 : 00,00 : 00,0,0
yelp,1s_5CutChvh7UjfsPXmnKw,6,00 : 00,00 : 00,0,0
yelp,2a7pafBpuK4i_boSpijcjw,0,11 : 00,00 : 00,1,1
yelp,2a7pafBpuK4i_boSpijcjw,1,11 : 00,00 : 00,1,1
yelp,2a7pafBpuK4i_boSpijcjw,2,11 : 00,00 : 00,1,1
yelp,2a7pafBpuK4i_boSpijcjw,3,11 : 00,02 : 00,1,1
yelp,2a7pafBpuK4i_boSpijcjw,4,11 : 00,02 : 00,1,1
yelp,2a7pafBpuK4i_boSpijcjw,5,11 : 00,02 : 00,1,1
yelp,2a7pafBpuK4i_boSpijcjw,6,11 : 00,00 : 00,1,1
yelp,2yiqy-J6ESBZTvTU-qg6Jg,1,11 : 00,22 : 00,0,0
yelp,2yiqy-J6ESBZTvTU-qg6Jg,2,11 : 00,22 : 00,0,0
yelp,2yiqy-J6ESBZTvTU-qg6Jg,3,11 : 00,22 : 00,0,0
yelp,2yiqy-J6ESBZTvTU-qg6Jg,4,11 : 00,23 : 00,0,0
yelp,2yiqy-J6ESBZTvTU-qg6Jg,5,11 : 00,23 : 00,0,0
yelp,2yiqy-J6ESBZTvTU-qg6Jg,6,11 : 00,21 : 00,0,0
yelp,36dd_FrCgkgd4gBem8CI3Q,0,10 : 00,01 : 00,1,1
yelp,36dd_FrCgkgd4gBem8CI3Q,1,10 : 00,01 : 00,1,1
yelp,36dd_FrCgkgd4gBem8CI3Q,2,10 : 00,01 : 00,1,1
yelp,36dd_FrCgkgd4gBem8CI3Q,3,10 : 00,01 : 00,1,1
yelp,36dd_FrCgkgd4gBem8CI3Q,4,10 : 00,01 : 00,1,1
yelp,36dd_FrCgkgd4gBem8CI3Q,5,10 : 00,01 : 00,1,1
yelp,36dd_FrCgkgd4gBem8CI3Q,6,10 : 00,01 : 00,1,1
yelp,3Jmn-j417jC4McG0xoJTwA,0,10 : 30,22 : 30,0,0
yelp,3Jmn-j417jC4McG0xoJTwA,1,10 : 30,22 : 30,0,0
yelp,3Jmn-j417jC4McG0xoJTwA,2,10 : 30,22 : 30,0,0
yelp,3Jmn-j417jC4McG0xoJTwA,3,10 : 30,22 : 30,0,0
yelp,3Jmn-j417jC4McG0xoJTwA,4,10 : 30,22 : 30,0,0
yelp,3Jmn-j417jC4McG0xoJTwA,5,10 : 30,22 : 30,0,0
yelp,3Jmn-j417jC4McG0xoJTwA,6,10 : 30,22 : 30,0,0
yelp,3mVlWmARhgPDoOqKtdBuUA,0,11 : 00,14 : 30,0,0
yelp,3mVlWmARhgPDoOqKtdBuUA,0,17 : 00,21 : 30,0,0
yelp,3mVlWmARhgPDoOqKtdBuUA,1,11 : 00,14 : 30,0,0
yelp,3mVlWmARhgPDoOqKtdBuUA,1,17 : 00,21 : 30,0,0
yelp,3mVlWmARhgPDoOqKtdBuUA,2,11 : 00,14 : 30,0,0
yelp,3mVlWmARhgPDoOqKtdBuUA,2,17 : 00,21 : 30,0,0
yelp,3mVlWmARhgPDoOqKtdBuUA,3,11 : 00,14 : 30,0,0
yelp,3mVlWmARhgPDoOqKtdBuUA,3,17 : 00,21 : 30,0,0
yelp,3mVlWmARhgPDoOqKtdBuUA,4,11 : 00,14 : 30,0,0
yelp,3mVlWmARhgPDoOqKtdBuUA,4,17 : 00,22 : 00,0,0
yelp,3mVlWmARhgPDoOqKtdBuUA,5,17 : 00,22 : 00,0,0
yelp,3mVlWmARhgPDoOqKtdBuUA,6,16 : 00,21 : 00,0,0
yelp,4mliCHzBpAP4CSNplEQQGw,0,11 : 00,21 : 00,0,0
yelp,4mliCHzBpAP4CSNplEQQGw,1,11 : 00,21 : 00,0,0
yelp,4mliCHzBpAP4CSNplEQQGw,2,11 : 00,21 : 00,0,0
yelp,4mliCHzBpAP4CSNplEQQGw,3,11 : 00,21 : 00,0,0
yelp,4mliCHzBpAP4CSNplEQQGw,4,11 : 00,22 : 00,0,0
yelp,4mliCHzBpAP4CSNplEQQGw,5,11 : 00,22 : 00,0,0
yelp,4mliCHzBpAP4CSNplEQQGw,6,12 : 00,20 : 00,0,0
yelp,4NiNvw5cqvcKDlqnvGzoIQ,0,11 : 00,14 : 00,0,0
yelp,4NiNvw5cqvcKDlqnvGzoIQ,0,16 : 00,21 : 00,0,0
yelp,4NiNvw5cqvcKDlqnvGzoIQ,1,11 : 00,14 : 00,0,0
yelp,4NiNvw5cqvcKDlqnvGzoIQ,1,16 : 00,21 : 00,0,0
yelp,4NiNvw5cqvcKDlqnvGzoIQ,2,11 : 00,14 : 00,0,0
yelp,4NiNvw5cqvcKDlqnvGzoIQ,2,16 : 00,21 : 00,0,0
yelp,4NiNvw5cqvcKDlqnvGzoIQ,3,11 : 00,14 : 00,0,0
yelp,4NiNvw5cqvcKDlqnvGzoIQ,3,16 : 00,21 : 00,0,0
yelp,4NiNvw5cqvcKDlqnvGzoIQ,4,11 : 00,14 : 00,0,0
yelp,4NiNvw5cqvcKDlqnvGzoIQ,4,16 : 00,22 : 00,0,0
yelp,4NiNvw5cqvcKDlqnvGzoIQ,5,15 : 00,22 : 00,0,0
yelp,4NiNvw5cqvcKDlqnvGzoIQ,6,15 : 00,21 : 00,0,0
yelp,4XOHGutxMjpBu6ZLGNzs0A,0,11 : 00,21 : 00,0,0
yelp,4XOHGutxMjpBu6ZLGNzs0A,2,11 : 00,21 : 00,0,0
yelp,4XOHGutxMjpBu6ZLGNzs0A,3,11 : 00,21 : 00,0,0
yelp,4XOHGutxMjpBu6ZLGNzs0A,4,11 : 00,21 : 00,0,0
yelp,4XOHGutxMjpBu6ZLGNzs0A,5,11 : 00,21 : 00,0,0
yelp,4XOHGutxMjpBu6ZLGNzs0A,6,11 : 00,20 : 00,0,0
yelp,4ZSeYOjAav_clggCJnMf0Q,0,06 : 00,21 : 00,0,0
yelp,4ZSeYOjAav_clggCJnMf0Q,1,06 : 00,21 : 00,0,0
yelp,4ZSeYOjAav_clggCJnMf0Q,2,06 : 00,21 : 00,0,0
yelp,4ZSeYOjAav_clggCJnMf0Q,3,06 : 00,21 : 00,0,0
yelp,4ZSeYOjAav_clggCJnMf0Q,4,06 : 00,21 : 00,0,0
yelp,4ZSeYOjAav_clggCJnMf0Q,5,06 : 00,21 : 00,0,0
yelp,4ZSeYOjAav_clggCJnMf0Q,6,07 : 00,20 : 00,0,0
yelp,532xMg8lsM36j4JwmAQubA,0,06 : 00,15 : 00,0,0
yelp,532xMg8lsM36j4JwmAQubA,1,06 : 00,15 : 00,0,0
yelp,532xMg8lsM36j4JwmAQubA,2,06 : 00,15 : 00,0,0
yelp,532xMg8lsM36j4JwmAQubA,3,06 : 00,15 : 00,0,0
yelp,532xMg8lsM36j4JwmAQubA,4,06 : 00,15 : 00,0,0
yelp,532xMg8lsM36j4JwmAQubA,5,06 : 00,15 : 00,0,0
yelp,532xMg8lsM36j4JwmAQubA,6,07 : 00,15 : 00,0,0
yelp,5MjZHHTsPqMspOCGkFSJlw,1,15 : 00,22 : 00,0,0
yelp,5MjZHHTsPqMspOCGkFSJlw,2,15 : 00,22 : 00,0,0
yelp,5MjZHHTsPqMspOCGkFSJlw,3,15 : 00,22 : 00,0,0
yelp,5MjZHHTsPqMspOCGkFSJlw,4,15 : 00,22 : 00,0,0
yelp,5MjZHHTsPqMspOCGkFSJlw,5,12 : 00,22 : 00,0,0
yelp,5MjZHHTsPqMspOCGkFSJlw,6,12 : 00,22 : 00,0,0
yelp,5xCfAa3mPxWQQurvAURKJA,0,10 : 45,21 : 00,0,0
yelp,5xCfAa3mPxWQQurvAURKJA,1,10 : 45,21 : 00,0,0
yelp,5xCfAa3mPxWQQurvAURKJA,2,10 : 45,21 : 00,0,0
yelp,5xCfAa3mPxWQQurvAURKJA,3,10 : 45,21 : 00,0,0
yelp,5xCfAa3mPxWQQurvAURKJA,4,10 : 45,21 : 00,0,0
yelp,5xCfAa3mPxWQQurvAURKJA,5,10 : 45,21 : 00,0,0
yelp,5xCfAa3mPxWQQurvAURKJA,6,10 : 45,21 : 00,0,0
yelp,5Z2tJZ9jkM_2EpUn2UQzjw,0,11 : 00,21 : 00,0,0
yelp,5Z2tJZ9jkM_2EpUn2UQzjw,1,11 : 00,21 : 00,0,0
yelp,5Z2tJZ9jkM_2EpUn2UQzjw,2,11 : 00,21 : 00,0,0
yelp,5Z2tJZ9jkM_2EpUn2UQzjw,3,11 : 00,21 : 00,0,0
yelp,5Z2tJZ9jkM_2EpUn2UQzjw,4,11 : 00,21 : 00,0,0
yelp,5Z2tJZ9jkM_2EpUn2UQzjw,5,11 : 00,21 : 00,0,0
yelp,5Z2tJZ9jkM_2EpUn2UQzjw,6,16 : 00,21 : 00,0,0
yelp,6AlfW9j93S-a3Oucudrv9w,0,11 : 00,00 : 00,1,1
yelp,6AlfW9j93S-a3Oucudrv9w,1,11 : 00,00 : 00,1,1
yelp,6AlfW9j93S-a3Oucudrv9w,2,11 : 00,00 : 00,1,1
yelp,6AlfW9j93S-a3Oucudrv9w,3,11 : 00,00 : 00,1,1
yelp,6AlfW9j93S-a3Oucudrv9w,4,11 : 00,00 : 00,1,1
yelp,6AlfW9j93S-a3Oucudrv9w,5,11 : 00,00 : 00,1,1
yelp,6AlfW9j93S-a3Oucudrv9w,6,11 : 00,00 : 00,1,1
yelp,6uVGsdLl3OwKmZYK0fL8dQ,0,10 : 00,21 : 00,0,0
yelp,6uVGsdLl3OwKmZYK0fL8dQ,1,10 : 00,21 : 00,0,0
yelp,6uVGsdLl3OwKmZYK0fL8dQ,2,10 : 00,21 : 00,0,0
yelp,6uVGsdLl3OwKmZYK0fL8dQ,3,10 : 00,21 : 00,0,0
yelp,6uVGsdLl3OwKmZYK0fL8dQ,4,10 : 00,22 : 00,0,0
yelp,6uVGsdLl3OwKmZYK0fL8dQ,5,10 : 00,22 : 00,0,0
yelp,6uVGsdLl3OwKmZYK0fL8dQ,6,10 : 00,22 : 00,0,0
yelp,7kiwG4kTapcD-8aGW87iKA,0,07 : 00,22 : 00,0,0
yelp,7kiwG4kTapcD-8aGW87iKA,1,07 : 00,22 : 00,0,0
yelp,7kiwG4kTapcD-8aGW87iKA,2,07 : 00,22 : 00,0,0
yelp,7kiwG4kTapcD-8aGW87iKA,3,07 : 00,22 : 00,0,0
yelp,7kiwG4kTapcD-8aGW87iKA,4,07 : 00,23 : 00,0,0
yelp,7kiwG4kTapcD-8aGW87iKA,5,07 : 00,23 : 00,0,0
yelp,7kiwG4kTapcD-8aGW87iKA,6,07 : 00,22 : 00,0,0
yelp,7svMP3MzaqnTxzOT8PChyw,0,07 : 00,14 : 30,0,0
yelp,7svMP3MzaqnTxzOT8PChyw,1,07 : 00,14 : 30,0,0
yelp,7svMP3MzaqnTxzOT8PChyw,2,07 : 00,14 : 30,0,0
yelp,7svMP3MzaqnTxzOT8PChyw,3,07 : 00,14 : 30,0,0
yelp,7svMP3MzaqnTxzOT8PChyw,4,07 : 00,14 : 30,0,0
yelp,7svMP3MzaqnTxzOT8PChyw,5,07 : 00,14 : 30,0,0
yelp,7svMP3MzaqnTxzOT8PChyw,6,07 : 00,14 : 30,0,0
yelp,7vjMGr949XRl-j6pOnQMFg,0,10 : 00,20 : 30,0,0
yelp,7vjMGr949XRl-j6pOnQMFg,1,10 : 00,20 : 30,0,0
yelp,7vjMGr949XRl-j6pOnQMFg,2,10 : 00,20 : 30,0,0
yelp,7vjMGr949XRl-j6pOnQMFg,3,10 : 00,20 : 30,0,0
yelp,7vjMGr949XRl-j6pOnQMFg,4,10 : 00,21 : 00,0,0
yelp,7vjMGr949XRl-j6pOnQMFg,5,10 : 00,21 : 00,0,0
yelp,7vjMGr949XRl-j6pOnQMFg,6,10 : 30,19 : 00,0,0
yelp,88FDp8wKJOvebcVG8RYyYg,0,11 : 30,22 : 00,0,0
yelp,88FDp8wKJOvebcVG8RYyYg,1,11 : 30,22 : 00,0,0
yelp,88FDp8wKJOvebcVG8RYyYg,2,11 : 30,22 : 00,0,0
yelp,88FDp8wKJOvebcVG8RYyYg,3,11 : 30,22 : 00,0,0
yelp,88FDp8wKJOvebcVG8RYyYg,4,11 : 30,22 : 30,0,0
yelp,88FDp8wKJOvebcVG8RYyYg,5,11 : 30,22 : 30,0,0
yelp,88FDp8wKJOvebcVG8RYyYg,6,11 : 30,22 : 00,0,0
yelp,9X28_JRy7rnqOsfGcjwz8w,0,11 : 00,22 : 00,0,0
yelp,9X28_JRy7rnqOsfGcjwz8w,1,11 : 00,22 : 00,0,0
yelp,9X28_JRy7rnqOsfGcjwz8w,2,11 : 00,22 : 00,0,0
yelp,9X28_JRy7rnqOsfGcjwz8w,3,11 : 00,22 : 00,0,0
yelp,9X28_JRy7rnqOsfGcjwz8w,4,11 : 00,23 : 00,0,0
yelp,9X28_JRy7rnqOsfGcjwz8w,5,11 : 00,23 : 00,0,0
yelp,9X28_JRy7rnqOsfGcjwz8w,6,11 : 00,22 : 00,0,0
yelp,_EO6L3whXvM7Zeb1J9zgug,1,09 : 00,14 : 00,0,0
yelp,_EO6L3whXvM7Zeb1J9zgug,2,09 : 00,14 : 00,0,0
yelp,_EO6L3whXvM7Zeb1J9zgug,3,09 : 00,14 : 00,0,0
yelp,_EO6L3whXvM7Zeb1J9zgug,4,09 : 00,14 : 00,0,0
yelp,_EO6L3whXvM7Zeb1J9zgug,5,09 : 00,14 : 00,0,0
yelp,_EO6L3whXvM7Zeb1J9zgug,6,10 : 00,15 : 00,0,0
yelp,_JlTf8X3R1v3igOYthZdkQ,0,11 : 00,21 : 00,0,0
yelp,_JlTf8X3R1v3igOYthZdkQ,1,11 : 00,21 : 00,0,0
yelp,_JlTf8X3R1v3igOYthZdkQ,2,11 : 00,21 : 00,0,0
yelp,_JlTf8X3R1v3igOYthZdkQ,3,11 : 00,21 : 00,0,0
yelp,_JlTf8X3R1v3igOYthZdkQ,4,11 : 00,22 : 00,0,0
yelp,_JlTf8X3R1v3igOYthZdkQ,5,10 : 00,22 : 00,0,0
yelp,_JlTf8X3R1v3igOYthZdkQ,6,10 : 00,21 : 00,0,0
yelp,_YyKKRxmXdLT8ZGfiAUzpA,1,09 : 00,18 : 00,0,0
yelp,_YyKKRxmXdLT8ZGfiAUzpA,2,09 : 00,18 : 00,0,0
yelp,_YyKKRxmXdLT8ZGfiAUzpA,3,09 : 00,18 : 00,0,0
yelp,_YyKKRxmXdLT8ZGfiAUzpA,4,09 : 00,18 : 00,0,0
yelp,_YyKKRxmXdLT8ZGfiAUzpA,5,09 : 00,18 : 00,0,0
yelp,_YyKKRxmXdLT8ZGfiAUzpA,6,12 : 00,18 : 00,0,0
yelp,A1VeLdTlPeY40-_68bcXUw,0,11 : 30,02 : 00,1,1
yelp,A1VeLdTlPeY40-_68bcXUw,1,11 : 30,02 : 00,1,1
yelp,A1VeLdTlPeY40-_68bcXUw,2,11 : 30,02 : 00,1,1
yelp,A1VeLdTlPeY40-_68bcXUw,3,11 : 30,02 : 00,1,1
yelp,A1VeLdTlPeY40-_68bcXUw,4,11 : 30,02 : 00,1,1
yelp,A1VeLdTlPeY40-_68bcXUw,5,11 : 30,02 : 00,1,1
yelp,A1VeLdTlPeY40-_68bcXUw,6,11 : 30,02 : 00,1,1
yelp,aBpppwrcfqG91GTt3Q344Q,0,11 : 00,22 : 00,0,0
yelp,aBpppwrcfqG91GTt3Q344Q,1,11 : 00,22 : 00,0,0
yelp,aBpppwrcfqG91GTt3Q344Q,2,11 : 00,22 : 00,0,0
yelp,aBpppwrcfqG91GTt3Q344Q,3,11 : 00,22 : 00,0,0
yelp,aBpppwrcfqG91GTt3Q344Q,4,11 : 00,23 : 00,0,0
yelp,aBpppwrcfqG91GTt3Q344Q,5,11 : 00,23 : 00,0,0
yelp,aBpppwrcfqG91GTt3Q344Q,6,11 : 00,22 : 00,0,0
yelp,aCvgaAOxslD6OTcwfxVLPA,0,11 : 00,20 : 00,0,0
yelp,aCvgaAOxslD6OTcwfxVLPA,1,11 : 00,20 : 00,0,0
yelp,aCvgaAOxslD6OTcwfxVLPA,2,11 : 00,20 : 00,0,0
yelp,aCvgaAOxslD6OTcwfxVLPA,3,11 : 00,20 : 00,0,0
yelp,aCvgaAOxslD6OTcwfxVLPA,4,11 : 00,20 : 00,0,0
yelp,aCvgaAOxslD6OTcwfxVLPA,5,11 : 00,20 : 00,0,0
yelp,aCvgaAOxslD6OTcwfxVLPA,6,12 : 00,18 : 00,0,0
yelp,Ag89Kt5lObftTZG7yPCMsQ,0,07 : 00,14 : 00,0,0
yelp,Ag89Kt5lObftTZG7yPCMsQ,1,07 : 00,14 : 00,0,0
yelp,Ag89Kt5lObftTZG7yPCMsQ,2,07 : 00,14 : 00,0,0
yelp,Ag89Kt5lObftTZG7yPCMsQ,3,07 : 00,14 : 00,0,0
yelp,Ag89Kt5lObftTZG7yPCMsQ,4,07 : 00,14 : 00,0,0
yelp,Ag89Kt5lObftTZG7yPCMsQ,5,07 : 00,15 : 00,0,0
yelp,Ag89Kt5lObftTZG7yPCMsQ,6,07 : 00,15 : 00,0,0
yelp,ahRdnWQ5TgbdZoB8H29kdw,0,12 : 00,22 : 00,0,0
yelp,ahRdnWQ5TgbdZoB8H29kdw,2,12 : 00,22 : 00,0,0
yelp,ahRdnWQ5TgbdZoB8H29kdw,3,12 : 00,22 : 00,0,0
yelp,ahRdnWQ5TgbdZoB8H29kdw,4,12 : 00,22 : 00,0,0
yelp,ahRdnWQ5TgbdZoB8H29kdw,5,12 : 00,22 : 00,0,0
yelp,ahRdnWQ5TgbdZoB8H29kdw,6,12 : 00,21 : 00,0,0
yelp,AHuxRtNLfwKe2r-RcOec8g,0,11 : 00,21 : 00,0,0
yelp,AHuxRtNLfwKe2r-RcOec8g,1,11 : 00,21 : 00,0,0
yelp,AHuxRtNLfwKe2r-RcOec8g,2,11 : 00,21 : 00,0,0
yelp,AHuxRtNLfwKe2r-RcOec8g,3,11 : 00,21 : 00,0,0
yelp,AHuxRtNLfwKe2r-RcOec8g,4,11 : 00,22 : 00,0,0
yelp,AHuxRtNLfwKe2r-RcOec8g,5,11 : 00,22 : 00,0,0
yelp,AHuxRtNLfwKe2r-RcOec8g,6,11 : 00,21 : 00,0,0
yelp,Aj-F_Pg3vERqjRM1tCfn6Q,0,11 : 00,22 : 00,0,0
yelp,Aj-F_Pg3vERqjRM1tCfn6Q,1,11 : 00,22 : 00,0,0
yelp,Aj-F_Pg3vERqjRM1tCfn6Q,2,11 : 00,22 : 00,0,0
yelp,Aj-F_Pg3vERqjRM1tCfn6Q,3,11 : 00,22 : 00,0,0
yelp,Aj-F_Pg3vERqjRM1tCfn6Q,4,11 : 00,02 : 00,1,1
yelp,Aj-F_Pg3vERqjRM1tCfn6Q,5,11 : 00,02 : 00,1,1
yelp,Aj-F_Pg3vERqjRM1tCfn6Q,6,11 : 00,22 : 00,0,0
yelp,AoITYzEFIYowjVFSFJy_Yg,2,12 : 00,20 : 00,0,0
yelp,AoITYzEFIYowjVFSFJy_Yg,3,12 : 00,20 : 00,0,0
yelp,AoITYzEFIYowjVFSFJy_Yg,4,12 : 00,20 : 00,0,0
yelp,AoITYzEFIYowjVFSFJy_Yg,5,12 : 00,20 : 00,0,0
yelp,AoITYzEFIYowjVFSFJy_Yg,6,12 : 00,20 : 00,0,0
yelp,BKxni1zlB-aUQbTBq1daVQ,1,11 : 00,21 : 00,0,0
yelp,BKxni1zlB-aUQbTBq1daVQ,2,11 : 00,21 : 00,0,0
yelp,BKxni1zlB-aUQbTBq1daVQ,3,11 : 00,21 : 00,0,0
yelp,BKxni1zlB-aUQbTBq1daVQ,4,11 : 00,22 : 00,0,0
yelp,BKxni1zlB-aUQbTBq1daVQ,5,11 : 00,22 : 00,0,0
yelp,BKxni1zlB-aUQbTBq1daVQ,6,11 : 00,21 : 00,0,0
yelp,bMPfKusLI8i6cZ5JIsWvJg,0,09 : 00,20 : 00,0,0
yelp,bMPfKusLI8i6cZ5JIsWvJg,1,09 : 00,20 : 00,0,0
yelp,bMPfKusLI8i6cZ5JIsWvJg,2,09 : 00,20 : 00,0,0
yelp,bMPfKusLI8i6cZ5JIsWvJg,3,09 : 00,20 : 00,0,0
yelp,bMPfKusLI8i6cZ5JIsWvJg,4,09 : 00,20 : 00,0,0
yelp,bMPfKusLI8i6cZ5JIsWvJg,5,09 : 00,20 : 00,0,0
yelp,bMPfKusLI8i6cZ5JIsWvJg,6,10 : 00,17 : 00,0,0
yelp,bPVizrhzuZFhDAc-IFygpQ,0,11 : 30,18 : 00,0,0
yelp,bPVizrhzuZFhDAc-IFygpQ,1,11 : 30,18 : 00,0,0
yelp,bPVizrhzuZFhDAc-IFygpQ,2,11 : 30,18 : 00,0,0
yelp,bPVizrhzuZFhDAc-IFygpQ,3,11 : 30,18 : 00,0,0
yelp,bPVizrhzuZFhDAc-IFygpQ,4,11 : 30,18 : 00,0,0
yelp,bPVizrhzuZFhDAc-IFygpQ,5,11 : 00,17 : 00,0,0
yelp,BxiFhUmgDDYJT-BYob89lw,0,08 : 00,21 : 00,0,0
yelp,BxiFhUmgDDYJT-BYob89lw,1,08 : 00,21 : 00,0,0
yelp,BxiFhUmgDDYJT-BYob89lw,2,08 : 00,21 : 00,0,0
yelp,BxiFhUmgDDYJT-BYob89lw,3,08 : 00,21 : 00,0,0
yelp,BxiFhUmgDDYJT-BYob89lw,4,08 : 00,21 : 00,0,0
yelp,BxiFhUmgDDYJT-BYob89lw,5,08 : 00,21 : 00,0,0
yelp,cb6XFaUrSLhTWpCuOCgCAg,0,12 : 00,22 : 00,0,0
yelp,cb6XFaUrSLhTWpCuOCgCAg,1,12 : 00,22 : 00,0,0
yelp,cb6XFaUrSLhTWpCuOCgCAg,2,12 : 00,22 : 00,0,0
yelp,cb6XFaUrSLhTWpCuOCgCAg,3,12 : 00,00 : 00,1,1
yelp,cb6XFaUrSLhTWpCuOCgCAg,4,12 : 00,02 : 00,1,1
yelp,cb6XFaUrSLhTWpCuOCgCAg,5,12 : 00,02 : 00,1,1
yelp,cb6XFaUrSLhTWpCuOCgCAg,6,12 : 00,22 : 00,0,0
yelp,Cnwztcv2dbOQPhKUC2rCgQ,0,06 : 30,14 : 00,0,0
yelp,Cnwztcv2dbOQPhKUC2rCgQ,1,06 : 30,14 : 00,0,0
yelp,Cnwztcv2dbOQPhKUC2rCgQ,2,06 : 30,14 : 00,0,0
yelp,Cnwztcv2dbOQPhKUC2rCgQ,3,06 : 30,14 : 00,0,0
yelp,Cnwztcv2dbOQPhKUC2rCgQ,4,06 : 30,14 : 00,0,0
yelp,Cnwztcv2dbOQPhKUC2rCgQ,5,06 : 30,14 : 00,0,0
yelp,Cnwztcv2dbOQPhKUC2rCgQ,6,06 : 30,14 : 00,0,0
yelp,Coj5mUSaIzdZylxPQelg9w,0,11 : 00,20 : 00,0,0
yelp,Coj5mUSaIzdZylxPQelg9w,1,11 : 00,20 : 00,0,0
yelp,Coj5mUSaIzdZylxPQelg9w,2,11 : 00,20 : 00,0,0
yelp,Coj5mUSaIzdZylxPQelg9w,3,11 : 00,20 : 00,0,0
yelp,Coj5mUSaIzdZylxPQelg9w,4,11 : 00,21 : 00,0,0
yelp,Coj5mUSaIzdZylxPQelg9w,5,11 : 00,21 : 00,0,0
yelp,Coj5mUSaIzdZylxPQelg9w,6,11 : 00,21 : 00,0,0
yelp,cQqDl2LsQw_JpbC-cu3KvA,0,11 : 30,15 : 00,0,0
yelp,cQqDl2LsQw_JpbC-cu3KvA,0,17 : 00,22 : 00,0,0
yelp,cQqDl2LsQw_JpbC-cu3KvA,1,11 : 30,15 : 00,0,0
yelp,cQqDl2LsQw_JpbC-cu3KvA,1,17 : 00,22 : 00,0,0
yelp,cQqDl2LsQw_JpbC-cu3KvA,2,11 : 30,15 : 00,0,0
yelp,cQqDl2LsQw_JpbC-cu3KvA,2,17 : 00,22 : 00,0,0
yelp,cQqDl2LsQw_JpbC-cu3KvA,3,11 : 30,15 : 00,0,0
yelp,cQqDl2LsQw_JpbC-cu3KvA,3,17 : 00,22 : 00,0,0
yelp,cQqDl2LsQw_JpbC-cu3KvA,4,11 : 30,15 : 00,0,0
yelp,cQqDl2LsQw_JpbC-cu3KvA,4,17 : 00,22 : 00,0,0
yelp,cQqDl2LsQw_JpbC-cu3KvA,5,11 : 30,15 : 00,0,0
yelp,cQqDl2LsQw_JpbC-cu3KvA,5,17 : 00,22 : 00,0,0
yelp,cQqDl2LsQw_JpbC-cu3KvA,6,11 : 30,15 : 00,0,0
yelp,cQqDl2LsQw_JpbC-cu3KvA,6,17 : 00,22 : 00,0,0
yelp,Cr33Sp-lnfd9eqh7ahtyAQ,1,11 : 00,21 : 00,0,0
yelp,Cr33Sp-lnfd9eqh7ahtyAQ,2,11 : 00,21 : 00,0,0
yelp,Cr33Sp-lnfd9eqh7ahtyAQ,3,11 : 00,21 : 00,0,0
yelp,Cr33Sp-lnfd9eqh7ahtyAQ,4,11 : 00,21 : 00,0,0
yelp,Cr33Sp-lnfd9eqh7ahtyAQ,5,11 : 00,21 : 00,0,0
yelp,Cr33Sp-lnfd9eqh7ahtyAQ,6,11 : 00,21 : 00,0,0
yelp,CSHiunmos7rw5-jb1hbZVg,0,10 : 00,19 : 00,0,0
yelp,CSHiunmos7rw5-jb1hbZVg,1,10 : 00,19 : 00,0,0
yelp,CSHiunmos7rw5-jb1hbZVg,2,10 : 00,19 : 00,0,0
yelp,CSHiunmos7rw5-jb1hbZVg,3,10 : 00,19 : 00,0,0
yelp,CSHiunmos7rw5-jb1hbZVg,4,10 : 00,19 : 00,0,0
yelp,CSHiunmos7rw5-jb1hbZVg,5,10 : 00,20 : 00,0,0
yelp,CSHiunmos7rw5-jb1hbZVg,6,10 : 00,19 : 00,0,0
yelp,D-NyPKKw4RLaxlSM1rj-MQ,0,16 : 30,21 : 00,0,0
yelp,D-NyPKKw4RLaxlSM1rj-MQ,1,16 : 30,21 : 00,0,0
yelp,D-NyPKKw4RLaxlSM1rj-MQ,2,16 : 30,21 : 00,0,0
yelp,D-NyPKKw4RLaxlSM1rj-MQ,3,16 : 30,21 : 00,0,0
yelp,D-NyPKKw4RLaxlSM1rj-MQ,4,16 : 30,21 : 00,0,0
yelp,D-NyPKKw4RLaxlSM1rj-MQ,5,16 : 30,21 : 00,0,0
yelp,d_iZzYJ0ujaMDlcs1jBZTA,0,10 : 00,21 : 00,0,0
yelp,d_iZzYJ0ujaMDlcs1jBZTA,1,10 : 00,21 : 00,0,0
yelp,d_iZzYJ0ujaMDlcs1jBZTA,2,10 : 00,21 : 00,0,0
yelp,d_iZzYJ0ujaMDlcs1jBZTA,3,10 : 00,21 : 00,0,0
yelp,d_iZzYJ0ujaMDlcs1jBZTA,4,10 : 00,21 : 00,0,0
yelp,d_iZzYJ0ujaMDlcs1jBZTA,5,10 : 00,21 : 00,0,0
yelp,d_iZzYJ0ujaMDlcs1jBZTA,6,11 : 00,18 : 00,0,0
yelp,ddKqU6sngBKrhNe51pxKQA,0,14 : 00,21 : 00,0,0
yelp,ddKqU6sngBKrhNe51pxKQA,1,14 : 00,21 : 00,0,0
yelp,ddKqU6sngBKrhNe51pxKQA,2,14 : 00,21 : 00,0,0
yelp,ddKqU6sngBKrhNe51pxKQA,3,14 : 00,21 : 00,0,0
yelp,ddKqU6sngBKrhNe51pxKQA,4,14 : 00,22 : 00,0,0
yelp,ddKqU6sngBKrhNe51pxKQA,5,14 : 00,22 : 00,0,0
yelp,ddKqU6sngBKrhNe51pxKQA,6,14 : 00,21 : 30,0,0
yelp,DeJFMIbD7YVF5MwzAfbnWQ,0,12 : 00,20 : 00,0,0
yelp,DeJFMIbD7YVF5MwzAfbnWQ,1,12 : 00,20 : 00,0,0
yelp,DeJFMIbD7YVF5MwzAfbnWQ,2,12 : 00,20 : 00,0,0
yelp,DeJFMIbD7YVF5MwzAfbnWQ,3,12 : 00,20 : 00,0,0
yelp,DeJFMIbD7YVF5MwzAfbnWQ,4,12 : 00,20 : 00,0,0
yelp,DeJFMIbD7YVF5MwzAfbnWQ,5,11 : 00,21 : 00,0,0
yelp,DeJFMIbD7YVF5MwzAfbnWQ,6,11 : 00,21 : 00,0,0
yelp,DeqeZjU9NgybUuILO94XVQ,0,11 : 00,22 : 00,0,0
yelp,DeqeZjU9NgybUuILO94XVQ,1,11 : 00,22 : 00,0,0
yelp,DeqeZjU9NgybUuILO94XVQ,2,11 : 00,22 : 00,0,0
yelp,DeqeZjU9NgybUuILO94XVQ,3,11 : 00,22 : 00,0,0
yelp,DeqeZjU9NgybUuILO94XVQ,4,11 : 00,22 : 00,0,0
yelp,DeqeZjU9NgybUuILO94XVQ,5,11 : 00,22 : 00,0,0
yelp,DeqeZjU9NgybUuILO94XVQ,6,11 : 00,22 : 00,0,0
yelp,dLcUez09N8fH0IuZGQfdjQ,1,10 : 00,18 : 00,0,0
yelp,dLcUez09N8fH0IuZGQfdjQ,2,10 : 00,18 : 00,0,0
yelp,dLcUez09N8fH0IuZGQfdjQ,3,10 : 00,18 : 00,0,0
yelp,dLcUez09N8fH0IuZGQfdjQ,4,10 : 00,18 : 00,0,0
yelp,dLcUez09N8fH0IuZGQfdjQ,5,10 : 00,18 : 00,0,0
yelp,dLcUez09N8fH0IuZGQfdjQ,6,10 : 00,18 : 00,0,0
yelp,DOYf0mdhAJjZHYfLQPDoCQ,0,11 : 30,20 : 00,0,0
yelp,DOYf0mdhAJjZHYfLQPDoCQ,1,11 : 30,20 : 00,0,0
yelp,DOYf0mdhAJjZHYfLQPDoCQ,2,11 : 30,20 : 00,0,0
yelp,DOYf0mdhAJjZHYfLQPDoCQ,3,11 : 30,20 : 00,0,0
yelp,DOYf0mdhAJjZHYfLQPDoCQ,4,11 : 30,21 : 00,0,0
yelp,DOYf0mdhAJjZHYfLQPDoCQ,5,11 : 30,20 : 00,0,0
yelp,DsAQyY00TqqP2zZkMVkRMQ,0,07 : 00,14 : 30,0,0
yelp,DsAQyY00TqqP2zZkMVkRMQ,1,07 : 00,14 : 30,0,0
yelp,DsAQyY00TqqP2zZkMVkRMQ,2,07 : 00,14 : 30,0,0
yelp,DsAQyY00TqqP2zZkMVkRMQ,3,07 : 00,14 : 30,0,0
yelp,DsAQyY00TqqP2zZkMVkRMQ,4,07 : 00,14 : 30,0,0
yelp,DsAQyY00TqqP2zZkMVkRMQ,5,07 : 00,14 : 30,0,0
yelp,DsAQyY00TqqP2zZkMVkRMQ,6,07 : 00,14 : 30,0,0
yelp,dXJnq-gyKI1avei_Mg3OIg,0,11 : 00,21 : 00,0,0
yelp,dXJnq-gyKI1avei_Mg3OIg,1,11 : 00,21 : 30,0,0
yelp,dXJnq-gyKI1avei_Mg3OIg,2,11 : 00,21 : 30,0,0
yelp,dXJnq-gyKI1avei_Mg3OIg,3,11 : 00,21 : 30,0,0
yelp,dXJnq-gyKI1avei_Mg3OIg,4,11 : 00,21 : 30,0,0
yelp,dXJnq-gyKI1avei_Mg3OIg,5,11 : 00,21 : 30,0,0
yelp,dXJnq-gyKI1avei_Mg3OIg,6,11 : 00,21 : 00,0,0
yelp,EN0BxgIktRfXpECqKXgczw,0,10 : 30,21 : 00,0,0
yelp,EN0BxgIktRfXpECqKXgczw,1,10 : 30,21 : 00,0,0
yelp,EN0BxgIktRfXpECqKXgczw,2,10 : 30,21 : 00,0,0
yelp,EN0BxgIktRfXpECqKXgczw,3,10 : 30,21 : 00,0,0
yelp,EN0BxgIktRfXpECqKXgczw,4,10 : 30,21 : 30,0,0
yelp,EN0BxgIktRfXpECqKXgczw,5,10 : 30,21 : 30,0,0
yelp,EN0BxgIktRfXpECqKXgczw,6,10 : 30,21 : 00,0,0
yelp,f21a6esKPqzgup8k43XLkA,0,11 : 00,21 : 00,0,0
yelp,f21a6esKPqzgup8k43XLkA,1,11 : 00,21 : 00,0,0
yelp,f21a6esKPqzgup8k43XLkA,2,11 : 00,21 : 00,0,0
yelp,f21a6esKPqzgup8k43XLkA,3,11 : 00,21 : 00,0,0
yelp,f21a6esKPqzgup8k43XLkA,4,11 : 00,22 : 00,0,0
yelp,f21a6esKPqzgup8k43XLkA,5,11 : 00,22 : 00,0,0
yelp,f21a6esKPqzgup8k43XLkA,6,11 : 00,21 : 00,0,0
yelp,ffMKfxhBS0p8PZruwby3KQ,0,11 : 30,21 : 00,0,0
yelp,ffMKfxhBS0p8PZruwby3KQ,1,11 : 30,21 : 00,0,0
yelp,ffMKfxhBS0p8PZruwby3KQ,2,11 : 30,21 : 00,0,0
yelp,ffMKfxhBS0p8PZruwby3KQ,3,11 : 30,21 : 00,0,0
yelp,ffMKfxhBS0p8PZruwby3KQ,4,11 : 30,21 : 00,0,0
yelp,ffMKfxhBS0p8PZruwby3KQ,5,11 : 30,21 : 00,0,0
yelp,ffMKfxhBS0p8PZruwby3KQ,6,11 : 30,21 : 00,0,0
yelp,Fj96bOf2iYTjmteDPeNcwA,0,11 : 00,22 : 00,0,0
yelp,Fj96bOf2iYTjmteDPeNcwA,2,11 : 00,22 : 00,0,0
yelp,Fj96bOf2iYTjmteDPeNcwA,3,11 : 00,22 : 00,0,0
yelp,Fj96bOf2iYTjmteDPeNcwA,4,11 : 00,22 : 00,0,0
yelp,Fj96bOf2iYTjmteDPeNcwA,5,12 : 00,22 : 00,0,0
yelp,Fj96bOf2iYTjmteDPeNcwA,6,12 : 00,22 : 00,0,0
yelp,fjhnVGid-Wf58nKon1uKxQ,0,00 : 00,00 : 00,0,0
yelp,fjhnVGid-Wf58nKon1uKxQ,1,00 : 00,00 : 00,0,0
yelp,fjhnVGid-Wf58nKon1uKxQ,2,00 : 00,00 : 00,0,0
yelp,fjhnVGid-Wf58nKon1uKxQ,3,00 : 00,00 : 00,0,0
yelp,fjhnVGid-Wf58nKon1uKxQ,4,00 : 00,00 : 00,0,0
yelp,fjhnVGid-Wf58nKon1uKxQ,5,00 : 00,00 : 00,0,0
yelp,fjhnVGid-Wf58nKon1uKxQ,6,00 : 00,00 : 00,0,0
yelp,fMgJXt7EIAF0_XT1Fl6tgQ,0,11 : 00,21 : 00,0,0
yelp,fMgJXt7EIAF0_XT1Fl6tgQ,1,11 : 00,22 : 00,0,0
yelp,fMgJXt7EIAF0_XT1Fl6tgQ,2,11 : 00,22 : 00,0,0
yelp,fMgJXt7EIAF0_XT1Fl6tgQ,3,11 : 00,22 : 00,0,0
yelp,fMgJXt7EIAF0_XT1Fl6tgQ,4,11 : 00,22 : 00,0,0
yelp,fMgJXt7EIAF0_XT1Fl6tgQ,5,11 : 00,22 : 00,0,0
yelp,fMgJXt7EIAF0_XT1Fl6tgQ,6,11 : 00,22 : 00,0,0
yelp,fUT3wQ1uwkUqQOqxYeWPxg,0,12 : 00,22 : 00,0,0
yelp,fUT3wQ1uwkUqQOqxYeWPxg,1,12 : 00,22 : 00,0,0
yelp,fUT3wQ1uwkUqQOqxYeWPxg,2,12 : 00,22 : 00,0,0
yelp,fUT3wQ1uwkUqQOqxYeWPxg,3,12 : 00,22 : 00,0,0
yelp,fUT3wQ1uwkUqQOqxYeWPxg,4,12 : 00,23 : 00,0,0
yelp,fUT3wQ1uwkUqQOqxYeWPxg,5,12 : 00,23 : 00,0,0
yelp,fUT3wQ1uwkUqQOqxYeWPxg,6,12 : 00,22 : 00,0,0
yelp,gESBiku1Vm0L9TqQ3-cdoQ,0,08 : 00,15 : 00,0,0
yelp,gESBiku1Vm0L9TqQ3-cdoQ,2,08 : 00,15 : 00,0,0
yelp,gESBiku1Vm0L9TqQ3-cdoQ,3,08 : 00,15 : 00,0,0
yelp,gESBiku1Vm0L9TqQ3-cdoQ,4,08 : 00,15 : 00,0,0
yelp,gESBiku1Vm0L9TqQ3-cdoQ,5,08 : 00,16 : 00,0,0
yelp,gESBiku1Vm0L9TqQ3-cdoQ,6,08 : 00,16 : 00,0,0
yelp,Gev9pvuI2imwWnU00SyQ_w,0,07 : 00,14 : 00,0,0
yelp,Gev9pvuI2imwWnU00SyQ_w,1,07 : 00,14 : 00,0,0
yelp,Gev9pvuI2imwWnU00SyQ_w,2,07 : 00,14 : 00,0,0
yelp,Gev9pvuI2imwWnU00SyQ_w,3,07 : 00,14 : 00,0,0
yelp,Gev9pvuI2imwWnU00SyQ_w,4,07 : 00,14 : 00,0,0
yelp,Gev9pvuI2imwWnU00SyQ_w,5,07 : 00,14 : 00,0,0
yelp,Gev9pvuI2imwWnU00SyQ_w,6,07 : 00,14 : 00,0,0
yelp,GFVxe4gtWZwlILWp1qPTLg,0,11 : 00,00 : 00,1,1
yelp,GFVxe4gtWZwlILWp1qPTLg,1,11 : 00,00 : 00,1,1
yelp,GFVxe4gtWZwlILWp1qPTLg,2,11 : 00,00 : 00,1,1
yelp,GFVxe4gtWZwlILWp1qPTLg,3,11 : 00,00 : 00,1,1
yelp,GFVxe4gtWZwlILWp1qPTLg,4,11 : 00,02 : 30,1,1
yelp,GFVxe4gtWZwlILWp1qPTLg,5,11 : 00,02 : 30,1,1
yelp,GFVxe4gtWZwlILWp1qPTLg,6,11 : 00,00 : 00,1,1
yelp,gg49XGGHcLxeLu6VOcGzdA,0,09 : 00,19 : 00,0,0
yelp,gg49XGGHcLxeLu6VOcGzdA,1,09 : 00,19 : 00,0,0
yelp,gg49XGGHcLxeLu6VOcGzdA,2,09 : 00,19 : 00,0,0
yelp,gg49XGGHcLxeLu6VOcGzdA,3,09 : 00,19 : 00,0,0
yelp,gg49XGGHcLxeLu6VOcGzdA,4,09 : 00,19 : 00,0,0
yelp,gg49XGGHcLxeLu6VOcGzdA,5,09 : 00,19 : 00,0,0
yelp,gg49XGGHcLxeLu6VOcGzdA,6,09 : 30,17 : 00,0,0
yelp,gIDRjQIutDCoVUET5Dzt0A,0,11 : 00,21 : 00,0,0
yelp,gIDRjQIutDCoVUET5Dzt0A,1,11 : 00,21 : 00,0,0
yelp,gIDRjQIutDCoVUET5Dzt0A,2,11 : 00,21 : 00,0,0
yelp,gIDRjQIutDCoVUET5Dzt0A,3,11 : 00,21 : 00,0,0
yelp,gIDRjQIutDCoVUET5Dzt0A,4,11 : 00,21 : 00,0,0
yelp,gIDRjQIutDCoVUET5Dzt0A,5,11 : 00,21 : 00,0,0
yelp,gIDRjQIutDCoVUET5Dzt0A,6,11 : 30,20 : 00,0,0
yelp,Gov4SW27iYWV9LS46kmiUA,1,11 : 00,21 : 30,0,0
yelp,Gov4SW27iYWV9LS46kmiUA,2,11 : 00,21 : 30,0,0
yelp,Gov4SW27iYWV9LS46kmiUA,3,11 : 00,21 : 30,0,0
yelp,Gov4SW27iYWV9LS46kmiUA,4,11 : 00,21 : 30,0,0
yelp,Gov4SW27iYWV9LS46kmiUA,5,11 : 00,21 : 30,0,0
yelp,Gov4SW27iYWV9LS46kmiUA,6,11 : 00,21 : 30,0,0
yelp,gPv4imFDDmUZdZI6V7A8fA,0,05 : 00,20 : 00,0,0
yelp,gPv4imFDDmUZdZI6V7A8fA,1,05 : 00,20 : 00,0,0
yelp,gPv4imFDDmUZdZI6V7A8fA,2,05 : 00,20 : 00,0,0
yelp,gPv4imFDDmUZdZI6V7A8fA,3,05 : 00,20 : 00,0,0
yelp,gPv4imFDDmUZdZI6V7A8fA,4,05 : 00,20 : 00,0,0
yelp,gPv4imFDDmUZdZI6V7A8fA,5,06 : 00,20 : 00,0,0
yelp,gPv4imFDDmUZdZI6V7A8fA,6,06 : 00,20 : 00,0,0
yelp,GQjPWYvEMk86W3GYQ2kyrA,0,11 : 00,21 : 00,0,0
yelp,GQjPWYvEMk86W3GYQ2kyrA,1,11 : 00,21 : 00,0,0
yelp,GQjPWYvEMk86W3GYQ2kyrA,2,11 : 00,21 : 00,0,0
yelp,GQjPWYvEMk86W3GYQ2kyrA,3,11 : 00,21 : 00,0,0
yelp,GQjPWYvEMk86W3GYQ2kyrA,4,11 : 00,21 : 00,0,0
yelp,GQjPWYvEMk86W3GYQ2kyrA,5,11 : 00,21 : 00,0,0
yelp,GQjPWYvEMk86W3GYQ2kyrA,6,14 : 00,19 : 00,0,0
yelp,GsYDuDZtNoxXJral_j2Sfg,0,11 : 30,15 : 00,0,0
yelp,GsYDuDZtNoxXJral_j2Sfg,0,16 : 00,21 : 00,0,0
yelp,GsYDuDZtNoxXJral_j2Sfg,1,11 : 30,15 : 00,0,0
yelp,GsYDuDZtNoxXJral_j2Sfg,1,16 : 00,21 : 00,0,0
yelp,GsYDuDZtNoxXJral_j2Sfg,2,11 : 30,15 : 00,0,0
yelp,GsYDuDZtNoxXJral_j2Sfg,2,16 : 00,21 : 00,0,0
yelp,GsYDuDZtNoxXJral_j2Sfg,3,11 : 30,15 : 00,0,0
yelp,GsYDuDZtNoxXJral_j2Sfg,3,16 : 00,21 : 00,0,0
yelp,GsYDuDZtNoxXJral_j2Sfg,4,11 : 30,15 : 00,0,0
yelp,GsYDuDZtNoxXJral_j2Sfg,4,17 : 00,22 : 00,0,0
yelp,GsYDuDZtNoxXJral_j2Sfg,5,08 : 30,11 : 00,0,0
yelp,GsYDuDZtNoxXJral_j2Sfg,5,11 : 30,22 : 00,0,0
yelp,GsYDuDZtNoxXJral_j2Sfg,6,08 : 30,11 : 00,0,0
yelp,GsYDuDZtNoxXJral_j2Sfg,6,11 : 30,21 : 00,0,0
yelp,GTVOlps3_pCc9urmGc02Qg,0,11 : 00,21 : 30,0,0
yelp,GTVOlps3_pCc9urmGc02Qg,1,11 : 00,21 : 30,0,0
yelp,GTVOlps3_pCc9urmGc02Qg,2,11 : 00,21 : 30,0,0
yelp,GTVOlps3_pCc9urmGc02Qg,3,11 : 00,21 : 30,0,0
yelp,GTVOlps3_pCc9urmGc02Qg,4,11 : 00,21 : 30,0,0
yelp,GTVOlps3_pCc9urmGc02Qg,5,11 : 00,21 : 30,0,0
yelp,GZfBzqB-4rxh504gNw4BoA,0,09 : 00,21 : 00,0,0
yelp,GZfBzqB-4rxh504gNw4BoA,1,09 : 00,21 : 00,0,0
yelp,GZfBzqB-4rxh504gNw4BoA,2,09 : 00,21 : 00,0,0
yelp,GZfBzqB-4rxh504gNw4BoA,3,09 : 00,21 : 00,0,0
yelp,GZfBzqB-4rxh504gNw4BoA,4,09 : 00,21 : 00,0,0
yelp,GZfBzqB-4rxh504gNw4BoA,5,09 : 00,21 : 00,0,0
yelp,h3fkLmaNNjeqFXIt80DeKA,0,11 : 30,21 : 00,0,0
yelp,h3fkLmaNNjeqFXIt80DeKA,1,11 : 30,21 : 00,0,0
yelp,h3fkLmaNNjeqFXIt80DeKA,2,11 : 30,21 : 00,0,0
yelp,h3fkLmaNNjeqFXIt80DeKA,3,11 : 30,21 : 00,0,0
yelp,h3fkLmaNNjeqFXIt80DeKA,4,11 : 30,23 : 00,0,0
yelp,h3fkLmaNNjeqFXIt80DeKA,5,11 : 30,23 : 00,0,0
yelp,h3fkLmaNNjeqFXIt80DeKA,6,11 : 30,21 : 00,0,0
yelp,heMHfbHTwcVjKPsnYFFNAg,0,11 : 00,21 : 30,0,0
yelp,heMHfbHTwcVjKPsnYFFNAg,1,11 : 00,21 : 30,0,0
yelp,heMHfbHTwcVjKPsnYFFNAg,2,11 : 00,21 : 30,0,0
yelp,heMHfbHTwcVjKPsnYFFNAg,3,11 : 00,21 : 30,0,0
yelp,heMHfbHTwcVjKPsnYFFNAg,4,11 : 00,21 : 30,0,0
yelp,heMHfbHTwcVjKPsnYFFNAg,5,11 : 00,21 : 30,0,0
yelp,heMHfbHTwcVjKPsnYFFNAg,6,11 : 00,21 : 30,0,0
yelp,hIISqgMPDH5vYjbtOwiomQ,0,15 : 00,22 : 00,0,0
yelp,hIISqgMPDH5vYjbtOwiomQ,1,15 : 00,22 : 00,0,0
yelp,hIISqgMPDH5vYjbtOwiomQ,2,15 : 00,22 : 00,0,0
yelp,hIISqgMPDH5vYjbtOwiomQ,3,15 : 00,22 : 00,0,0
yelp,hIISqgMPDH5vYjbtOwiomQ,4,15 : 00,22 : 00,0,0
yelp,hIISqgMPDH5vYjbtOwiomQ,5,15 : 00,22 : 00,0,0
yelp,hIISqgMPDH5vYjbtOwiomQ,6,15 : 00,22 : 00,0,0
yelp,HP6usCWbGeIKd8xdK4KerQ,1,11 : 00,21 : 00,0,0
yelp,HP6usCWbGeIKd8xdK4KerQ,2,11 : 00,21 : 00,0,0
yelp,HP6usCWbGeIKd8xdK4KerQ,3,11 : 00,21 : 00,0,0
yelp,HP6usCWbGeIKd8xdK4KerQ,4,11 : 00,22 : 00,0,0
yelp,HP6usCWbGeIKd8xdK4KerQ,5,12 : 00,22 : 00,0,0
yelp,HP6usCWbGeIKd8xdK4KerQ,6,12 : 00,21 : 00,0,0
yelp,hPpb_Cgc7WPea9HO_Jj--g,2,11 : 30,21 : 00,0,0
yelp,hPpb_Cgc7WPea9HO_Jj--g,3,11 : 30,21 : 00,0,0
yelp,hPpb_Cgc7WPea9HO_Jj--g,4,11 : 30,21 : 00,0,0
yelp,hPpb_Cgc7WPea9HO_Jj--g,5,11 : 30,21 : 00,0,0
yelp,hPpb_Cgc7WPea9HO_Jj--g,6,11 : 30,21 : 00,0,0
yelp,hs6O7kGqzQ4_t4pGUaZ5kw,0,10 : 30,22 : 00,0,0
yelp,hs6O7kGqzQ4_t4pGUaZ5kw,1,10 : 30,22 : 00,0,0
yelp,hs6O7kGqzQ4_t4pGUaZ5kw,2,10 : 30,22 : 00,0,0
yelp,hs6O7kGqzQ4_t4pGUaZ5kw,3,10 : 30,22 : 00,0,0
yelp,hs6O7kGqzQ4_t4pGUaZ5kw,4,10 : 30,22 : 00,0,0
yelp,hs6O7kGqzQ4_t4pGUaZ5kw,5,10 : 30,22 : 00,0,0
yelp,hs6O7kGqzQ4_t4pGUaZ5kw,6,10 : 30,22 : 00,0,0
yelp,hWRlOOzFvUpGGgcsld6RrQ,0,07 : 00,23 : 00,0,0
yelp,hWRlOOzFvUpGGgcsld6RrQ,1,07 : 00,23 : 00,0,0
yelp,hWRlOOzFvUpGGgcsld6RrQ,2,07 : 00,23 : 00,0,0
yelp,hWRlOOzFvUpGGgcsld6RrQ,3,07 : 00,23 : 00,0,0
yelp,hWRlOOzFvUpGGgcsld6RrQ,4,07 : 00,23 : 00,0,0
yelp,hWRlOOzFvUpGGgcsld6RrQ,5,07 : 00,23 : 00,0,0
yelp,hWRlOOzFvUpGGgcsld6RrQ,6,07 : 00,23 : 00,0,0
yelp,hXMnuwm60BJLTajbQOgPxA,0,07 : 00,19 : 00,0,0
yelp,hXMnuwm60BJLTajbQOgPxA,1,07 : 00,19 : 00,0,0
yelp,hXMnuwm60BJLTajbQOgPxA,2,07 : 00,19 : 00,0,0
yelp,hXMnuwm60BJLTajbQOgPxA,3,07 : 00,19 : 00,0,0
yelp,hXMnuwm60BJLTajbQOgPxA,4,07 : 00,19 : 00,0,0
yelp,hXMnuwm60BJLTajbQOgPxA,5,07 : 00,19 : 00,0,0
yelp,hXMnuwm60BJLTajbQOgPxA,6,07 : 00,19 : 00,0,0
yelp,I-lYkCL-QYq3MduXIqwSDA,4,09 : 00,17 : 00,0,0
yelp,I-lYkCL-QYq3MduXIqwSDA,5,09 : 00,17 : 00,0,0
yelp,I-lYkCL-QYq3MduXIqwSDA,6,09 : 00,17 : 00,0,0
yelp,i5xLglHzH7vyWvPvl4VKXw,1,11 : 30,13 : 30,0,0
yelp,i5xLglHzH7vyWvPvl4VKXw,2,16 : 00,19 : 00,0,0
yelp,i5xLglHzH7vyWvPvl4VKXw,4,16 : 00,21 : 00,0,0
yelp,i5xLglHzH7vyWvPvl4VKXw,5,10 : 00,16 : 00,0,0
yelp,i5xLglHzH7vyWvPvl4VKXw,6,10 : 00,16 : 00,0,0
yelp,IC5P-H6ik5FyM4oZaJCntg,0,07 : 00,00 : 00,1,1
yelp,IC5P-H6ik5FyM4oZaJCntg,1,07 : 00,00 : 00,1,1
yelp,IC5P-H6ik5FyM4oZaJCntg,2,07 : 00,00 : 00,1,1
yelp,IC5P-H6ik5FyM4oZaJCntg,3,07 : 00,00 : 00,1,1
yelp,IC5P-H6ik5FyM4oZaJCntg,4,07 : 00,01 : 00,1,1
yelp,IC5P-H6ik5FyM4oZaJCntg,5,07 : 00,01 : 00,1,1
yelp,IC5P-H6ik5FyM4oZaJCntg,6,08 : 00,00 : 00,1,1
yelp,igjR74V5lNhvysM05OZyXA,0,11 : 00,22 : 00,0,0
yelp,igjR74V5lNhvysM05OZyXA,1,11 : 00,22 : 00,0,0
yelp,igjR74V5lNhvysM05OZyXA,2,11 : 00,22 : 00,0,0
yelp,igjR74V5lNhvysM05OZyXA,3,11 : 00,22 : 00,0,0
yelp,igjR74V5lNhvysM05OZyXA,4,11 : 00,22 : 00,0,0
yelp,igjR74V5lNhvysM05OZyXA,5,11 : 00,22 : 00,0,0
yelp,igjR74V5lNhvysM05OZyXA,6,11 : 00,22 : 00,0,0
yelp,ih9bq5NrjGJul8T4ktmCng,0,12 : 00,21 : 00,0,0
yelp,ih9bq5NrjGJul8T4ktmCng,1,12 : 00,21 : 00,0,0
yelp,ih9bq5NrjGJul8T4ktmCng,2,12 : 00,21 : 00,0,0
yelp,ih9bq5NrjGJul8T4ktmCng,3,12 : 00,21 : 00,0,0
yelp,ih9bq5NrjGJul8T4ktmCng,4,12 : 00,22 : 00,0,0
yelp,ih9bq5NrjGJul8T4ktmCng,5,12 : 00,22 : 00,0,0
yelp,ih9bq5NrjGJul8T4ktmCng,6,12 : 00,20 : 00,0,0
yelp,ITQcPK3XV4rfnH6htrhf9A,0,16 : 00,22 : 00,0,0
yelp,ITQcPK3XV4rfnH6htrhf9A,1,16 : 00,22 : 00,0,0
yelp,ITQcPK3XV4rfnH6htrhf9A,2,16 : 00,22 : 00,0,0
yelp,ITQcPK3XV4rfnH6htrhf9A,3,16 : 00,22 : 00,0,0
yelp,ITQcPK3XV4rfnH6htrhf9A,4,11 : 30,23 : 00,0,0
yelp,ITQcPK3XV4rfnH6htrhf9A,5,11 : 30,23 : 00,0,0
yelp,ITQcPK3XV4rfnH6htrhf9A,6,11 : 30,20 : 00,0,0
yelp,J-O-ZWpIQxQf9usgGCMzwg,1,11 : 00,15 : 00,0,0
yelp,J-O-ZWpIQxQf9usgGCMzwg,1,17 : 00,21 : 00,0,0
yelp,J-O-ZWpIQxQf9usgGCMzwg,2,11 : 00,15 : 00,0,0
yelp,J-O-ZWpIQxQf9usgGCMzwg,2,17 : 00,21 : 00,0,0
yelp,J-O-ZWpIQxQf9usgGCMzwg,3,11 : 00,15 : 00,0,0
yelp,J-O-ZWpIQxQf9usgGCMzwg,3,17 : 00,21 : 00,0,0
yelp,J-O-ZWpIQxQf9usgGCMzwg,4,11 : 00,15 : 00,0,0
yelp,J-O-ZWpIQxQf9usgGCMzwg,4,17 : 00,22 : 00,0,0
yelp,J-O-ZWpIQxQf9usgGCMzwg,5,11 : 00,15 : 00,0,0
yelp,J-O-ZWpIQxQf9usgGCMzwg,5,17 : 00,22 : 00,0,0
yelp,J-O-ZWpIQxQf9usgGCMzwg,6,11 : 00,15 : 00,0,0
yelp,J-O-ZWpIQxQf9usgGCMzwg,6,17 : 00,21 : 00,0,0
yelp,jFdlENO0HmIRbky9RIBGbA,0,11 : 30,21 : 30,0,0
yelp,jFdlENO0HmIRbky9RIBGbA,1,11 : 30,21 : 30,0,0
yelp,jFdlENO0HmIRbky9RIBGbA,2,11 : 30,21 : 30,0,0
yelp,jFdlENO0HmIRbky9RIBGbA,3,11 : 30,21 : 30,0,0
yelp,jFdlENO0HmIRbky9RIBGbA,4,11 : 30,22 : 00,0,0
yelp,jFdlENO0HmIRbky9RIBGbA,5,12 : 00,22 : 00,0,0
yelp,jFdlENO0HmIRbky9RIBGbA,6,12 : 00,21 : 00,0,0
yelp,JknOiCoRXg0ETfit7HPu7Q,0,09 : 00,23 : 00,0,0
yelp,JknOiCoRXg0ETfit7HPu7Q,1,09 : 00,23 : 00,0,0
yelp,JknOiCoRXg0ETfit7HPu7Q,2,09 : 00,23 : 00,0,0
yelp,JknOiCoRXg0ETfit7HPu7Q,3,09 : 00,23 : 00,0,0
yelp,JknOiCoRXg0ETfit7HPu7Q,4,09 : 00,02 : 00,1,1
yelp,JknOiCoRXg0ETfit7HPu7Q,5,09 : 00,02 : 00,1,1
yelp,JknOiCoRXg0ETfit7HPu7Q,6,09 : 00,02 : 00,1,1
yelp,jtXX2PeLlLq8hFAbIfFrTg,0,11 : 30,22 : 00,0,0
yelp,jtXX2PeLlLq8hFAbIfFrTg,2,11 : 30,22 : 00,0,0
yelp,jtXX2PeLlLq8hFAbIfFrTg,3,11 : 30,22 : 00,0,0
yelp,jtXX2PeLlLq8hFAbIfFrTg,4,11 : 30,22 : 30,0,0
yelp,jtXX2PeLlLq8hFAbIfFrTg,5,11 : 30,22 : 30,0,0
yelp,jtXX2PeLlLq8hFAbIfFrTg,6,11 : 30,22 : 30,0,0
yelp,JVxIyG6pnV5vvqtnM8W5SQ,0,11 : 30,14 : 30,0,0
yelp,JVxIyG6pnV5vvqtnM8W5SQ,0,17 : 30,21 : 00,0,0
yelp,JVxIyG6pnV5vvqtnM8W5SQ,1,11 : 30,14 : 30,0,0
yelp,JVxIyG6pnV5vvqtnM8W5SQ,1,17 : 30,21 : 00,0,0
yelp,JVxIyG6pnV5vvqtnM8W5SQ,2,11 : 30,14 : 30,0,0
yelp,JVxIyG6pnV5vvqtnM8W5SQ,2,17 : 30,21 : 00,0,0
yelp,JVxIyG6pnV5vvqtnM8W5SQ,3,11 : 30,14 : 30,0,0
yelp,JVxIyG6pnV5vvqtnM8W5SQ,3,17 : 30,21 : 00,0,0
yelp,JVxIyG6pnV5vvqtnM8W5SQ,4,11 : 30,14 : 30,0,0
yelp,JVxIyG6pnV5vvqtnM8W5SQ,4,17 : 30,22 : 00,0,0
yelp,JVxIyG6pnV5vvqtnM8W5SQ,5,17 : 00,22 : 00,0,0
yelp,JwBkHjtVQ27MW4SBCdfKkg,0,10 : 00,18 : 00,0,0
yelp,JwBkHjtVQ27MW4SBCdfKkg,1,10 : 00,18 : 00,0,0
yelp,JwBkHjtVQ27MW4SBCdfKkg,2,10 : 00,18 : 00,0,0
yelp,JwBkHjtVQ27MW4SBCdfKkg,3,10 : 00,18 : 00,0,0
yelp,JwBkHjtVQ27MW4SBCdfKkg,4,10 : 00,18 : 00,0,0
yelp,JwBkHjtVQ27MW4SBCdfKkg,5,10 : 00,15 : 00,0,0
yelp,JwlwrKulgSWPy4VPPTGyUA,0,00 : 00,00 : 00,0,0
yelp,JwlwrKulgSWPy4VPPTGyUA,1,00 : 00,00 : 00,0,0
yelp,JwlwrKulgSWPy4VPPTGyUA,2,00 : 00,00 : 00,0,0
yelp,JwlwrKulgSWPy4VPPTGyUA,3,00 : 00,00 : 00,0,0
yelp,JwlwrKulgSWPy4VPPTGyUA,4,00 : 00,00 : 00,0,0
yelp,JwlwrKulgSWPy4VPPTGyUA,5,00 : 00,00 : 00,0,0
yelp,JwlwrKulgSWPy4VPPTGyUA,6,00 : 00,00 : 00,0,0
yelp,k-cyDkIR1ezQrDj8eNboew,0,11 : 30,20 : 30,0,0
yelp,k-cyDkIR1ezQrDj8eNboew,1,11 : 30,20 : 30,0,0
yelp,k-cyDkIR1ezQrDj8eNboew,2,11 : 30,20 : 30,0,0
yelp,k-cyDkIR1ezQrDj8eNboew,3,11 : 30,20 : 30,0,0
yelp,k-cyDkIR1ezQrDj8eNboew,4,11 : 30,20 : 30,0,0
yelp,k-cyDkIR1ezQrDj8eNboew,5,11 : 30,20 : 30,0,0
yelp,k-cyDkIR1ezQrDj8eNboew,6,11 : 30,20 : 30,0,0
yelp,k2-2ZyfbwLlV2-n5NbCzvA,0,11 : 00,20 : 30,0,0
yelp,k2-2ZyfbwLlV2-n5NbCzvA,1,11 : 00,20 : 30,0,0
yelp,k2-2ZyfbwLlV2-n5NbCzvA,2,11 : 00,20 : 30,0,0
yelp,k2-2ZyfbwLlV2-n5NbCzvA,3,11 : 00,20 : 30,0,0
yelp,k2-2ZyfbwLlV2-n5NbCzvA,4,11 : 00,21 : 00,0,0
yelp,k2-2ZyfbwLlV2-n5NbCzvA,5,11 : 00,21 : 00,0,0
yelp,k2-2ZyfbwLlV2-n5NbCzvA,6,11 : 00,21 : 00,0,0
yelp,kF2P7nTYvbmEijtLvXCeQA,0,10 : 30,22 : 30,0,0
yelp,kF2P7nTYvbmEijtLvXCeQA,1,10 : 30,22 : 30,0,0
yelp,kF2P7nTYvbmEijtLvXCeQA,2,10 : 30,22 : 30,0,0
yelp,kF2P7nTYvbmEijtLvXCeQA,3,10 : 30,22 : 30,0,0
yelp,kF2P7nTYvbmEijtLvXCeQA,4,10 : 30,22 : 30,0,0
yelp,kF2P7nTYvbmEijtLvXCeQA,5,10 : 30,22 : 30,0,0
yelp,kF2P7nTYvbmEijtLvXCeQA,6,10 : 30,22 : 30,0,0
yelp,KFuqBxk4-hh8CLr-z18xJg,0,11 : 30,21 : 00,0,0
yelp,KFuqBxk4-hh8CLr-z18xJg,1,11 : 30,21 : 00,0,0
yelp,KFuqBxk4-hh8CLr-z18xJg,2,11 : 30,21 : 00,0,0
yelp,KFuqBxk4-hh8CLr-z18xJg,3,11 : 30,21 : 00,0,0
yelp,KFuqBxk4-hh8CLr-z18xJg,4,11 : 30,21 : 00,0,0
yelp,KFuqBxk4-hh8CLr-z18xJg,5,11 : 30,21 : 00,0,0
yelp,kl8nZOIEifhrbVP-6GG5uQ,0,08 : 00,16 : 00,0,0
yelp,kl8nZOIEifhrbVP-6GG5uQ,1,08 : 00,16 : 00,0,0
yelp,kl8nZOIEifhrbVP-6GG5uQ,2,08 : 00,16 : 00,0,0
yelp,kl8nZOIEifhrbVP-6GG5uQ,3,08 : 00,16 : 00,0,0
yelp,kl8nZOIEifhrbVP-6GG5uQ,4,08 : 00,16 : 00,0,0
yelp,kl8nZOIEifhrbVP-6GG5uQ,5,08 : 00,16 : 00,0,0
yelp,kl8nZOIEifhrbVP-6GG5uQ,6,08 : 00,16 : 00,0,0
yelp,KLMC4Tgin63xa2j9w8Im-w,0,11 : 00,21 : 00,0,0
yelp,KLMC4Tgin63xa2j9w8Im-w,2,11 : 00,21 : 00,0,0
yelp,KLMC4Tgin63xa2j9w8Im-w,3,11 : 00,21 : 00,0,0
yelp,KLMC4Tgin63xa2j9w8Im-w,4,11 : 00,21 : 30,0,0
yelp,KLMC4Tgin63xa2j9w8Im-w,5,11 : 00,21 : 30,0,0
yelp,KLMC4Tgin63xa2j9w8Im-w,6,11 : 00,21 : 00,0,0
yelp,koWzzlPUIIxUhFmOeHB04g,0,11 : 30,22 : 00,0,0
yelp,koWzzlPUIIxUhFmOeHB04g,2,11 : 30,22 : 00,0,0
yelp,koWzzlPUIIxUhFmOeHB04g,3,11 : 30,22 : 00,0,0
yelp,koWzzlPUIIxUhFmOeHB04g,4,11 : 30,22 : 00,0,0
yelp,koWzzlPUIIxUhFmOeHB04g,5,11 : 30,22 : 00,0,0
yelp,koWzzlPUIIxUhFmOeHB04g,6,11 : 30,22 : 00,0,0
yelp,kqgcFPwYrkMlQzuF-CNREg,1,07 : 00,16 : 00,0,0
yelp,kqgcFPwYrkMlQzuF-CNREg,2,07 : 00,16 : 00,0,0
yelp,kqgcFPwYrkMlQzuF-CNREg,3,07 : 00,16 : 00,0,0
yelp,kqgcFPwYrkMlQzuF-CNREg,4,07 : 00,16 : 00,0,0
yelp,kqgcFPwYrkMlQzuF-CNREg,5,07 : 00,16 : 00,0,0
yelp,kqgcFPwYrkMlQzuF-CNREg,6,09 : 00,16 : 00,0,0
yelp,KVReSFb2dwgjnSkl1Kn2vQ,0,11 : 00,20 : 00,0,0
yelp,KVReSFb2dwgjnSkl1Kn2vQ,1,11 : 00,20 : 00,0,0
yelp,KVReSFb2dwgjnSkl1Kn2vQ,2,11 : 00,20 : 00,0,0
yelp,KVReSFb2dwgjnSkl1Kn2vQ,3,11 : 00,20 : 00,0,0
yelp,KVReSFb2dwgjnSkl1Kn2vQ,4,11 : 00,21 : 00,0,0
yelp,KVReSFb2dwgjnSkl1Kn2vQ,5,11 : 00,21 : 00,0,0
yelp,KVReSFb2dwgjnSkl1Kn2vQ,6,11 : 00,18 : 00,0,0
yelp,L6L8ctIeqsGjb65wktv4bg,0,11 : 00,21 : 00,0,0
yelp,L6L8ctIeqsGjb65wktv4bg,1,11 : 00,21 : 00,0,0
yelp,L6L8ctIeqsGjb65wktv4bg,2,11 : 00,21 : 00,0,0
yelp,L6L8ctIeqsGjb65wktv4bg,3,11 : 00,21 : 00,0,0
yelp,L6L8ctIeqsGjb65wktv4bg,4,11 : 00,21 : 30,0,0
yelp,L6L8ctIeqsGjb65wktv4bg,5,11 : 00,21 : 30,0,0
yelp,L6L8ctIeqsGjb65wktv4bg,6,11 : 00,21 : 00,0,0
yelp,l7rjq2NX8wwSzoZrNWZq1A,0,10 : 30,02 : 00,1,1
yelp,l7rjq2NX8wwSzoZrNWZq1A,1,10 : 30,02 : 00,1,1
yelp,l7rjq2NX8wwSzoZrNWZq1A,2,10 : 30,02 : 00,1,1
yelp,l7rjq2NX8wwSzoZrNWZq1A,3,10 : 30,02 : 00,1,1
yelp,l7rjq2NX8wwSzoZrNWZq1A,4,10 : 30,02 : 00,1,1
yelp,l7rjq2NX8wwSzoZrNWZq1A,5,10 : 30,02 : 00,1,1
yelp,l7rjq2NX8wwSzoZrNWZq1A,6,10 : 30,02 : 00,1,1
yelp,Lghp_sRkbth4Ttg_eEaNUA,0,11 : 00,22 : 00,0,0
yelp,Lghp_sRkbth4Ttg_eEaNUA,1,11 : 00,22 : 00,0,0
yelp,Lghp_sRkbth4Ttg_eEaNUA,2,11 : 00,22 : 00,0,0
yelp,Lghp_sRkbth4Ttg_eEaNUA,3,11 : 00,22 : 00,0,0
yelp,Lghp_sRkbth4Ttg_eEaNUA,4,11 : 00,22 : 30,0,0
yelp,Lghp_sRkbth4Ttg_eEaNUA,5,11 : 00,22 : 30,0,0
yelp,Lghp_sRkbth4Ttg_eEaNUA,6,11 : 00,22 : 00,0,0
yelp,Lr0p83oJ9vwqkrmIijFRXQ,1,11 : 00,21 : 30,0,0
yelp,Lr0p83oJ9vwqkrmIijFRXQ,2,11 : 00,21 : 30,0,0
yelp,Lr0p83oJ9vwqkrmIijFRXQ,3,11 : 00,21 : 30,0,0
yelp,Lr0p83oJ9vwqkrmIijFRXQ,4,11 : 00,22 : 30,0,0
yelp,Lr0p83oJ9vwqkrmIijFRXQ,5,11 : 00,22 : 30,0,0
yelp,Lr0p83oJ9vwqkrmIijFRXQ,6,12 : 00,21 : 30,0,0
yelp,lr72ma2Ft4Sq9speBCMRFg,0,11 : 00,21 : 00,0,0
yelp,lr72ma2Ft4Sq9speBCMRFg,1,11 : 00,21 : 00,0,0
yelp,lr72ma2Ft4Sq9speBCMRFg,2,11 : 00,21 : 00,0,0
yelp,lr72ma2Ft4Sq9speBCMRFg,3,11 : 00,21 : 00,0,0
yelp,lr72ma2Ft4Sq9speBCMRFg,4,11 : 00,21 : 00,0,0
yelp,lr72ma2Ft4Sq9speBCMRFg,5,11 : 00,21 : 00,0,0
yelp,lr72ma2Ft4Sq9speBCMRFg,6,11 : 00,20 : 00,0,0
yelp,m66iFIV1UXCUY82sn_Ubgg,0,11 : 00,22 : 00,0,0
yelp,m66iFIV1UXCUY82sn_Ubgg,1,11 : 00,22 : 00,0,0
yelp,m66iFIV1UXCUY82sn_Ubgg,2,11 : 00,17 : 00,0,0
yelp,m66iFIV1UXCUY82sn_Ubgg,4,11 : 00,23 : 00,0,0
yelp,m66iFIV1UXCUY82sn_Ubgg,5,11 : 00,23 : 00,0,0
yelp,m66iFIV1UXCUY82sn_Ubgg,6,11 : 00,22 : 00,0,0
yelp,mAOcJjJwMfQn9UlsYvsPnQ,1,11 : 00,15 : 00,0,0
yelp,mAOcJjJwMfQn9UlsYvsPnQ,1,16 : 30,21 : 30,0,0
yelp,mAOcJjJwMfQn9UlsYvsPnQ,2,11 : 00,15 : 00,0,0
yelp,mAOcJjJwMfQn9UlsYvsPnQ,2,16 : 30,21 : 30,0,0
yelp,mAOcJjJwMfQn9UlsYvsPnQ,3,11 : 00,15 : 00,0,0
yelp,mAOcJjJwMfQn9UlsYvsPnQ,3,16 : 30,21 : 30,0,0
yelp,mAOcJjJwMfQn9UlsYvsPnQ,4,11 : 00,15 : 00,0,0
yelp,mAOcJjJwMfQn9UlsYvsPnQ,4,16 : 30,22 : 00,0,0
yelp,mAOcJjJwMfQn9UlsYvsPnQ,5,12 : 00,22 : 00,0,0
yelp,mAOcJjJwMfQn9UlsYvsPnQ,6,12 : 00,21 : 00,0,0
yelp,mBUl13DWXTJuojdvByMhOw,1,11 : 00,19 : 00,0,0
yelp,mBUl13DWXTJuojdvByMhOw,2,11 : 00,19 : 00,0,0
yelp,mBUl13DWXTJuojdvByMhOw,3,11 : 00,19 : 00,0,0
yelp,mBUl13DWXTJuojdvByMhOw,4,11 : 00,20 : 00,0,0
yelp,mBUl13DWXTJuojdvByMhOw,5,11 : 00,20 : 00,0,0
yelp,mf77ydEQUHqa41TEk70pkA,1,11 : 00,21 : 00,0,0
yelp,mf77ydEQUHqa41TEk70pkA,2,11 : 00,21 : 00,0,0
yelp,mf77ydEQUHqa41TEk70pkA,3,11 : 00,22 : 00,0,0
yelp,mf77ydEQUHqa41TEk70pkA,4,11 : 00,22 : 00,0,0
yelp,mf77ydEQUHqa41TEk70pkA,5,12 : 00,22 : 00,0,0
yelp,mf77ydEQUHqa41TEk70pkA,6,12 : 00,21 : 00,0,0
yelp,mlGafWdmtJHk3F8gJoFJiw,0,08 : 30,20 : 00,0,0
yelp,mlGafWdmtJHk3F8gJoFJiw,1,08 : 30,20 : 00,0,0
yelp,mlGafWdmtJHk3F8gJoFJiw,2,08 : 30,20 : 00,0,0
yelp,mlGafWdmtJHk3F8gJoFJiw,3,08 : 30,20 : 00,0,0
yelp,mlGafWdmtJHk3F8gJoFJiw,4,08 : 30,20 : 00,0,0
yelp,mlGafWdmtJHk3F8gJoFJiw,5,08 : 30,20 : 00,0,0
yelp,mlGafWdmtJHk3F8gJoFJiw,6,08 : 30,15 : 00,0,0
yelp,mVWa_B0sZPnbKUV2YrU5qg,1,11 : 00,20 : 00,0,0
yelp,mVWa_B0sZPnbKUV2YrU5qg,2,11 : 00,20 : 00,0,0
yelp,mVWa_B0sZPnbKUV2YrU5qg,3,11 : 00,20 : 00,0,0
yelp,mVWa_B0sZPnbKUV2YrU5qg,4,11 : 00,21 : 00,0,0
yelp,mVWa_B0sZPnbKUV2YrU5qg,5,11 : 00,21 : 00,0,0
yelp,mVWa_B0sZPnbKUV2YrU5qg,6,11 : 00,17 : 00,0,0
yelp,n4diWKcRvAFctwdRA6IPMg,0,11 : 30,22 : 00,0,0
yelp,n4diWKcRvAFctwdRA6IPMg,1,11 : 30,22 : 00,0,0
yelp,n4diWKcRvAFctwdRA6IPMg,2,11 : 30,22 : 00,0,0
yelp,n4diWKcRvAFctwdRA6IPMg,3,11 : 30,22 : 00,0,0
yelp,n4diWKcRvAFctwdRA6IPMg,4,11 : 30,22 : 30,0,0
yelp,n4diWKcRvAFctwdRA6IPMg,5,11 : 30,22 : 30,0,0
yelp,n4diWKcRvAFctwdRA6IPMg,6,11 : 30,22 : 00,0,0
yelp,NCcUQ-SBPTGSp1oFRHoRvA,0,11 : 30,21 : 00,0,0
yelp,NCcUQ-SBPTGSp1oFRHoRvA,1,11 : 30,21 : 00,0,0
yelp,NCcUQ-SBPTGSp1oFRHoRvA,2,11 : 30,21 : 00,0,0
yelp,NCcUQ-SBPTGSp1oFRHoRvA,3,11 : 30,21 : 00,0,0
yelp,NCcUQ-SBPTGSp1oFRHoRvA,4,11 : 30,22 : 00,0,0
yelp,NCcUQ-SBPTGSp1oFRHoRvA,5,11 : 30,22 : 00,0,0
yelp,NCcUQ-SBPTGSp1oFRHoRvA,6,11 : 30,21 : 00,0,0
yelp,noOUkFJ1TyIMXePZXMQlbw,0,11 : 00,20 : 30,0,0
yelp,noOUkFJ1TyIMXePZXMQlbw,1,11 : 00,20 : 30,0,0
yelp,noOUkFJ1TyIMXePZXMQlbw,3,11 : 00,20 : 30,0,0
yelp,noOUkFJ1TyIMXePZXMQlbw,4,11 : 00,20 : 30,0,0
yelp,noOUkFJ1TyIMXePZXMQlbw,5,11 : 00,20 : 30,0,0
yelp,noOUkFJ1TyIMXePZXMQlbw,6,11 : 00,20 : 30,0,0
yelp,NQp9tJxgoOuyRQGdgr3BRA,0,09 : 00,18 : 00,0,0
yelp,NQp9tJxgoOuyRQGdgr3BRA,1,09 : 00,18 : 00,0,0
yelp,NQp9tJxgoOuyRQGdgr3BRA,2,09 : 00,18 : 00,0,0
yelp,NQp9tJxgoOuyRQGdgr3BRA,3,09 : 00,18 : 00,0,0
yelp,NQp9tJxgoOuyRQGdgr3BRA,4,09 : 00,18 : 00,0,0
yelp,NQp9tJxgoOuyRQGdgr3BRA,5,09 : 00,18 : 00,0,0
yelp,NQp9tJxgoOuyRQGdgr3BRA,6,10 : 00,14 : 00,0,0
yelp,Nx1dEXXY3EfIGiyhCCjQuA,1,16 : 00,22 : 00,0,0
yelp,Nx1dEXXY3EfIGiyhCCjQuA,2,16 : 00,22 : 00,0,0
yelp,Nx1dEXXY3EfIGiyhCCjQuA,3,16 : 00,22 : 00,0,0
yelp,Nx1dEXXY3EfIGiyhCCjQuA,4,16 : 00,23 : 00,0,0
yelp,Nx1dEXXY3EfIGiyhCCjQuA,5,16 : 00,23 : 00,0,0
yelp,O8_uEW7j8FO61ofF1KgR5Q,0,09 : 00,21 : 00,0,0
yelp,O8_uEW7j8FO61ofF1KgR5Q,1,09 : 00,21 : 00,0,0
yelp,O8_uEW7j8FO61ofF1KgR5Q,2,09 : 00,21 : 00,0,0
yelp,O8_uEW7j8FO61ofF1KgR5Q,3,09 : 00,22 : 00,0,0
yelp,O8_uEW7j8FO61ofF1KgR5Q,4,09 : 00,22 : 00,0,0
yelp,O8_uEW7j8FO61ofF1KgR5Q,5,09 : 00,22 : 00,0,0
yelp,O8_uEW7j8FO61ofF1KgR5Q,6,09 : 00,21 : 00,0,0
yelp,oF344ESz0ZbbAG4Aa7wfXw,0,11 : 00,00 : 00,1,1
yelp,oF344ESz0ZbbAG4Aa7wfXw,1,11 : 00,00 : 00,1,1
yelp,oF344ESz0ZbbAG4Aa7wfXw,2,11 : 00,00 : 00,1,1
yelp,oF344ESz0ZbbAG4Aa7wfXw,3,11 : 00,00 : 00,1,1
yelp,oF344ESz0ZbbAG4Aa7wfXw,4,11 : 00,00 : 00,1,1
yelp,oF344ESz0ZbbAG4Aa7wfXw,5,11 : 00,00 : 00,1,1
yelp,oF344ESz0ZbbAG4Aa7wfXw,6,11 : 00,00 : 00,1,1
yelp,OK_--wLgyXwF4Btv04cZ0A,0,11 : 30,21 : 00,0,0
yelp,OK_--wLgyXwF4Btv04cZ0A,1,11 : 30,21 : 00,0,0
yelp,OK_--wLgyXwF4Btv04cZ0A,2,11 : 30,21 : 00,0,0
yelp,OK_--wLgyXwF4Btv04cZ0A,3,11 : 30,21 : 00,0,0
yelp,OK_--wLgyXwF4Btv04cZ0A,4,11 : 30,22 : 00,0,0
yelp,OK_--wLgyXwF4Btv04cZ0A,5,11 : 30,22 : 00,0,0
yelp,OK_--wLgyXwF4Btv04cZ0A,6,11 : 30,21 : 00,0,0
yelp,ORCImXryHa7e2EXmYdyKzA,0,11 : 00,20 : 00,0,0
yelp,ORCImXryHa7e2EXmYdyKzA,1,11 : 00,21 : 00,0,0
yelp,ORCImXryHa7e2EXmYdyKzA,2,11 : 00,20 : 00,0,0
yelp,ORCImXryHa7e2EXmYdyKzA,3,11 : 00,21 : 00,0,0
yelp,ORCImXryHa7e2EXmYdyKzA,4,11 : 00,21 : 00,0,0
yelp,ORCImXryHa7e2EXmYdyKzA,5,11 : 00,21 : 00,0,0
yelp,ORCImXryHa7e2EXmYdyKzA,6,11 : 00,20 : 00,0,0
yelp,OSpU_DF50MSl8vNW5Xsm3g,0,10 : 00,21 : 00,0,0
yelp,OSpU_DF50MSl8vNW5Xsm3g,1,10 : 00,21 : 00,0,0
yelp,OSpU_DF50MSl8vNW5Xsm3g,2,10 : 00,21 : 00,0,0
yelp,OSpU_DF50MSl8vNW5Xsm3g,3,10 : 00,21 : 00,0,0
yelp,OSpU_DF50MSl8vNW5Xsm3g,4,10 : 00,21 : 00,0,0
yelp,OSpU_DF50MSl8vNW5Xsm3g,5,10 : 00,21 : 00,0,0
yelp,OSpU_DF50MSl8vNW5Xsm3g,6,10 : 00,21 : 00,0,0
yelp,oTBEIzQDE_BYxZtZbTBE8g,0,10 : 00,20 : 00,0,0
yelp,oTBEIzQDE_BYxZtZbTBE8g,1,10 : 00,20 : 00,0,0
yelp,oTBEIzQDE_BYxZtZbTBE8g,2,10 : 00,20 : 00,0,0
yelp,oTBEIzQDE_BYxZtZbTBE8g,3,10 : 00,20 : 00,0,0
yelp,oTBEIzQDE_BYxZtZbTBE8g,4,10 : 00,20 : 00,0,0
yelp,oTBEIzQDE_BYxZtZbTBE8g,5,10 : 00,20 : 00,0,0
yelp,OZq6qi1PbUKYL3lnPH4JCg,0,08 : 00,20 : 00,0,0
yelp,OZq6qi1PbUKYL3lnPH4JCg,1,08 : 00,20 : 00,0,0
yelp,OZq6qi1PbUKYL3lnPH4JCg,2,08 : 00,20 : 00,0,0
yelp,OZq6qi1PbUKYL3lnPH4JCg,3,08 : 00,20 : 00,0,0
yelp,OZq6qi1PbUKYL3lnPH4JCg,4,08 : 00,20 : 00,0,0
yelp,OZq6qi1PbUKYL3lnPH4JCg,5,08 : 00,19 : 00,0,0
yelp,OZq6qi1PbUKYL3lnPH4JCg,6,08 : 00,19 : 00,0,0
yelp,P2rmZJuOsYEDLxyF0tdHUA,0,11 : 00,19 : 30,0,0
yelp,P2rmZJuOsYEDLxyF0tdHUA,1,11 : 00,19 : 30,0,0
yelp,P2rmZJuOsYEDLxyF0tdHUA,2,11 : 00,19 : 30,0,0
yelp,P2rmZJuOsYEDLxyF0tdHUA,3,11 : 00,19 : 30,0,0
yelp,P2rmZJuOsYEDLxyF0tdHUA,4,11 : 00,19 : 30,0,0
yelp,P2rmZJuOsYEDLxyF0tdHUA,5,11 : 00,19 : 30,0,0
yelp,P2rmZJuOsYEDLxyF0tdHUA,6,11 : 00,19 : 30,0,0
yelp,p31x-FIvjCM8Br2MyQ9tlQ,0,07 : 00,18 : 00,0,0
yelp,p31x-FIvjCM8Br2MyQ9tlQ,1,07 : 00,18 : 00,0,0
yelp,p31x-FIvjCM8Br2MyQ9tlQ,2,07 : 00,18 : 00,0,0
yelp,p31x-FIvjCM8Br2MyQ9tlQ,3,07 : 00,18 : 00,0,0
yelp,p31x-FIvjCM8Br2MyQ9tlQ,4,07 : 00,18 : 00,0,0
yelp,p31x-FIvjCM8Br2MyQ9tlQ,5,07 : 00,18 : 00,0,0
yelp,p31x-FIvjCM8Br2MyQ9tlQ,6,07 : 00,18 : 00,0,0
yelp,p8ArY2BBZB2TppW2qYG75Q,0,09 : 00,21 : 00,0,0
yelp,p8ArY2BBZB2TppW2qYG75Q,1,09 : 00,21 : 00,0,0
yelp,p8ArY2BBZB2TppW2qYG75Q,2,09 : 00,21 : 00,0,0
yelp,p8ArY2BBZB2TppW2qYG75Q,3,09 : 00,21 : 00,0,0
yelp,p8ArY2BBZB2TppW2qYG75Q,4,09 : 00,21 : 00,0,0
yelp,p8ArY2BBZB2TppW2qYG75Q,5,09 : 00,21 : 00,0,0
yelp,p8ArY2BBZB2TppW2qYG75Q,6,09 : 00,21 : 00,0,0
yelp,p_acXZANMscvg4lycU9QrA,0,16 : 00,00 : 00,1,1
yelp,p_acXZANMscvg4lycU9QrA,1,16 : 00,00 : 00,1,1
yelp,p_acXZANMscvg4lycU9QrA,2,16 : 00,01 : 30,1,1
yelp,p_acXZANMscvg4lycU9QrA,3,16 : 00,01 : 30,1,1
yelp,p_acXZANMscvg4lycU9QrA,4,11 : 30,01 : 30,1,1
yelp,p_acXZANMscvg4lycU9QrA,5,11 : 30,01 : 30,1,1
yelp,p_acXZANMscvg4lycU9QrA,6,11 : 30,00 : 00,1,1
yelp,PlUIgHH2yHX7rxmNQPLz4A,0,11 : 00,22 : 00,0,0
yelp,PlUIgHH2yHX7rxmNQPLz4A,1,11 : 00,22 : 00,0,0
yelp,PlUIgHH2yHX7rxmNQPLz4A,2,11 : 00,22 : 00,0,0
yelp,PlUIgHH2yHX7rxmNQPLz4A,3,11 : 00,22 : 00,0,0
yelp,PlUIgHH2yHX7rxmNQPLz4A,4,11 : 00,22 : 00,0,0
yelp,PlUIgHH2yHX7rxmNQPLz4A,5,11 : 00,22 : 00,0,0
yelp,PlUIgHH2yHX7rxmNQPLz4A,6,11 : 00,22 : 00,0,0
yelp,PmIaEMIHUeL3vYMqYmMaHg,0,11 : 30,14 : 30,0,0
yelp,PmIaEMIHUeL3vYMqYmMaHg,0,17 : 00,21 : 00,0,0
yelp,PmIaEMIHUeL3vYMqYmMaHg,2,11 : 30,14 : 30,0,0
yelp,PmIaEMIHUeL3vYMqYmMaHg,2,17 : 00,21 : 00,0,0
yelp,PmIaEMIHUeL3vYMqYmMaHg,3,11 : 30,14 : 30,0,0
yelp,PmIaEMIHUeL3vYMqYmMaHg,3,17 : 00,21 : 00,0,0
yelp,PmIaEMIHUeL3vYMqYmMaHg,4,11 : 30,14 : 30,0,0
yelp,PmIaEMIHUeL3vYMqYmMaHg,4,17 : 00,22 : 00,0,0
yelp,PmIaEMIHUeL3vYMqYmMaHg,5,11 : 30,14 : 30,0,0
yelp,PmIaEMIHUeL3vYMqYmMaHg,5,17 : 00,22 : 00,0,0
yelp,PmIaEMIHUeL3vYMqYmMaHg,6,11 : 30,14 : 30,0,0
yelp,PmIaEMIHUeL3vYMqYmMaHg,6,17 : 00,21 : 00,0,0
yelp,pvwGB6dvjR_kqSbsrVTzhQ,0,11 : 00,22 : 00,0,0
yelp,pvwGB6dvjR_kqSbsrVTzhQ,1,11 : 00,22 : 00,0,0
yelp,pvwGB6dvjR_kqSbsrVTzhQ,2,11 : 00,22 : 00,0,0
yelp,pvwGB6dvjR_kqSbsrVTzhQ,3,11 : 00,22 : 00,0,0
yelp,pvwGB6dvjR_kqSbsrVTzhQ,4,11 : 00,23 : 00,0,0
yelp,pvwGB6dvjR_kqSbsrVTzhQ,5,11 : 00,23 : 00,0,0
yelp,pvwGB6dvjR_kqSbsrVTzhQ,6,11 : 00,22 : 00,0,0
yelp,PYp9fOYKtZOiQ3i8_uaT_A,0,10 : 00,02 : 00,1,1
yelp,PYp9fOYKtZOiQ3i8_uaT_A,1,10 : 00,02 : 00,1,1
yelp,PYp9fOYKtZOiQ3i8_uaT_A,2,10 : 00,02 : 00,1,1
yelp,PYp9fOYKtZOiQ3i8_uaT_A,3,10 : 00,02 : 00,1,1
yelp,PYp9fOYKtZOiQ3i8_uaT_A,4,10 : 00,03 : 00,1,1
yelp,PYp9fOYKtZOiQ3i8_uaT_A,5,10 : 00,03 : 00,1,1
yelp,PYp9fOYKtZOiQ3i8_uaT_A,6,10 : 00,02 : 00,1,1
yelp,Q2_nlXuhXfBhvkOo1Qiaow,0,11 : 30,21 : 00,0,0
yelp,Q2_nlXuhXfBhvkOo1Qiaow,1,11 : 30,21 : 00,0,0
yelp,Q2_nlXuhXfBhvkOo1Qiaow,2,11 : 30,21 : 00,0,0
yelp,Q2_nlXuhXfBhvkOo1Qiaow,3,11 : 30,21 : 00,0,0
yelp,Q2_nlXuhXfBhvkOo1Qiaow,4,11 : 30,22 : 00,0,0
yelp,Q2_nlXuhXfBhvkOo1Qiaow,5,11 : 30,22 : 00,0,0
yelp,Q2_nlXuhXfBhvkOo1Qiaow,6,12 : 00,21 : 00,0,0
yelp,QEXYxYcv3sly1BUgyWflPA,0,07 : 00,13 : 00,0,0
yelp,QEXYxYcv3sly1BUgyWflPA,1,07 : 00,13 : 00,0,0
yelp,QEXYxYcv3sly1BUgyWflPA,2,07 : 00,13 : 00,0,0
yelp,QEXYxYcv3sly1BUgyWflPA,3,07 : 00,13 : 00,0,0
yelp,QEXYxYcv3sly1BUgyWflPA,4,07 : 00,13 : 00,0,0
yelp,QEXYxYcv3sly1BUgyWflPA,5,07 : 00,14 : 00,0,0
yelp,QEXYxYcv3sly1BUgyWflPA,6,07 : 00,14 : 00,0,0
yelp,QgkEQvj-TJI58ifSul0Tcg,0,11 : 00,22 : 00,0,0
yelp,QgkEQvj-TJI58ifSul0Tcg,1,11 : 00,22 : 00,0,0
yelp,QgkEQvj-TJI58ifSul0Tcg,2,11 : 00,22 : 00,0,0
yelp,QgkEQvj-TJI58ifSul0Tcg,3,11 : 00,22 : 00,0,0
yelp,QgkEQvj-TJI58ifSul0Tcg,4,11 : 00,23 : 00,0,0
yelp,QgkEQvj-TJI58ifSul0Tcg,5,11 : 00,23 : 00,0,0
yelp,QgkEQvj-TJI58ifSul0Tcg,6,12 : 00,22 : 00,0,0
yelp,Qj3bLY021R8Z87iA4GIR4w,1,12 : 30,21 : 00,0,0
yelp,Qj3bLY021R8Z87iA4GIR4w,2,12 : 00,21 : 00,0,0
yelp,Qj3bLY021R8Z87iA4GIR4w,3,12 : 00,21 : 00,0,0
yelp,Qj3bLY021R8Z87iA4GIR4w,4,12 : 00,23 : 00,0,0
yelp,Qj3bLY021R8Z87iA4GIR4w,5,12 : 30,22 : 00,0,0
yelp,Qj3bLY021R8Z87iA4GIR4w,6,12 : 00,20 : 30,0,0
yelp,QPCThOSMR94LqeWNzyAalA,0,07 : 00,14 : 30,0,0
yelp,QPCThOSMR94LqeWNzyAalA,1,07 : 00,14 : 30,0,0
yelp,QPCThOSMR94LqeWNzyAalA,2,07 : 00,14 : 30,0,0
yelp,QPCThOSMR94LqeWNzyAalA,3,07 : 00,14 : 30,0,0
yelp,QPCThOSMR94LqeWNzyAalA,4,07 : 00,14 : 30,0,0
yelp,QPCThOSMR94LqeWNzyAalA,5,07 : 00,14 : 30,0,0
yelp,QPCThOSMR94LqeWNzyAalA,6,07 : 00,14 : 30,0,0
yelp,qPwCNLNSLD2E0MS5NDeUwQ,2,11 : 30,18 : 30,0,0
yelp,qPwCNLNSLD2E0MS5NDeUwQ,3,11 : 30,18 : 30,0,0
yelp,qPwCNLNSLD2E0MS5NDeUwQ,4,11 : 30,18 : 30,0,0
yelp,qPwCNLNSLD2E0MS5NDeUwQ,5,11 : 30,18 : 30,0,0
yelp,QRYuVv6LbuXKD4GKxPHxMQ,0,11 : 00,21 : 00,0,0
yelp,QRYuVv6LbuXKD4GKxPHxMQ,1,11 : 00,21 : 00,0,0
yelp,QRYuVv6LbuXKD4GKxPHxMQ,2,11 : 00,21 : 00,0,0
yelp,QRYuVv6LbuXKD4GKxPHxMQ,3,11 : 00,21 : 00,0,0
yelp,QRYuVv6LbuXKD4GKxPHxMQ,4,11 : 00,21 : 00,0,0
yelp,QRYuVv6LbuXKD4GKxPHxMQ,5,11 : 00,21 : 00,0,0
yelp,QRYuVv6LbuXKD4GKxPHxMQ,6,18 : 00,20 : 30,0,0
yelp,qXc1LQi_uL6zgALJHOpDxQ,0,11 : 00,20 : 00,0,0
yelp,qXc1LQi_uL6zgALJHOpDxQ,1,11 : 00,20 : 00,0,0
yelp,qXc1LQi_uL6zgALJHOpDxQ,2,11 : 00,20 : 00,0,0
yelp,qXc1LQi_uL6zgALJHOpDxQ,3,11 : 00,20 : 00,0,0
yelp,qXc1LQi_uL6zgALJHOpDxQ,4,11 : 00,20 : 00,0,0
yelp,qXc1LQi_uL6zgALJHOpDxQ,5,11 : 00,20 : 00,0,0
yelp,qXc1LQi_uL6zgALJHOpDxQ,6,12 : 00,18 : 00,0,0
yelp,r-X4Hkgc2-QthQuxSyeJvQ,0,11 : 30,21 : 00,0,0
yelp,r-X4Hkgc2-QthQuxSyeJvQ,1,11 : 30,21 : 00,0,0
yelp,r-X4Hkgc2-QthQuxSyeJvQ,2,11 : 30,21 : 00,0,0
yelp,r-X4Hkgc2-QthQuxSyeJvQ,3,11 : 30,21 : 00,0,0
yelp,r-X4Hkgc2-QthQuxSyeJvQ,4,11 : 30,22 : 00,0,0
yelp,r-X4Hkgc2-QthQuxSyeJvQ,5,11 : 30,22 : 00,0,0
yelp,r-X4Hkgc2-QthQuxSyeJvQ,6,11 : 30,21 : 00,0,0
yelp,rAFwZ8QtoJTH-Nm9jDnR8A,0,11 : 00,21 : 30,0,0
yelp,rAFwZ8QtoJTH-Nm9jDnR8A,1,11 : 00,21 : 30,0,0
yelp,rAFwZ8QtoJTH-Nm9jDnR8A,2,11 : 00,21 : 30,0,0
yelp,rAFwZ8QtoJTH-Nm9jDnR8A,3,11 : 00,21 : 30,0,0
yelp,rAFwZ8QtoJTH-Nm9jDnR8A,4,11 : 00,21 : 30,0,0
yelp,rAFwZ8QtoJTH-Nm9jDnR8A,5,11 : 00,21 : 30,0,0
yelp,rAFwZ8QtoJTH-Nm9jDnR8A,6,11 : 00,21 : 30,0,0
yelp,rirAl4R82iP1UoOBDJSD7Q,0,10 : 45,22 : 00,0,0
yelp,rirAl4R82iP1UoOBDJSD7Q,1,10 : 45,22 : 00,0,0
yelp,rirAl4R82iP1UoOBDJSD7Q,2,10 : 45,22 : 00,0,0
yelp,rirAl4R82iP1UoOBDJSD7Q,3,10 : 45,22 : 00,0,0
yelp,rirAl4R82iP1UoOBDJSD7Q,4,10 : 45,23 : 00,0,0
yelp,rirAl4R82iP1UoOBDJSD7Q,5,10 : 45,23 : 00,0,0
yelp,rirAl4R82iP1UoOBDJSD7Q,6,10 : 45,22 : 00,0,0
yelp,RlBx_YEnsFYnwJ7_S9VG3A,0,11 : 30,20 : 00,0,0
yelp,RlBx_YEnsFYnwJ7_S9VG3A,1,11 : 30,20 : 00,0,0
yelp,RlBx_YEnsFYnwJ7_S9VG3A,2,11 : 30,20 : 00,0,0
yelp,RlBx_YEnsFYnwJ7_S9VG3A,3,11 : 30,21 : 00,0,0
yelp,RlBx_YEnsFYnwJ7_S9VG3A,4,11 : 30,22 : 00,0,0
yelp,RyP_OAZhu6TFgXDxv1sPCw,0,11 : 00,23 : 00,0,0
yelp,RyP_OAZhu6TFgXDxv1sPCw,1,11 : 00,23 : 00,0,0
yelp,RyP_OAZhu6TFgXDxv1sPCw,2,11 : 00,23 : 00,0,0
yelp,RyP_OAZhu6TFgXDxv1sPCw,3,11 : 00,23 : 00,0,0
yelp,RyP_OAZhu6TFgXDxv1sPCw,4,11 : 00,23 : 00,0,0
yelp,RyP_OAZhu6TFgXDxv1sPCw,5,11 : 00,23 : 00,0,0
yelp,RyP_OAZhu6TFgXDxv1sPCw,6,11 : 00,23 : 00,0,0
yelp,S23KE0ZK4vcHHsVuZpVRFg,0,09 : 00,19 : 00,0,0
yelp,S23KE0ZK4vcHHsVuZpVRFg,1,09 : 00,19 : 00,0,0
yelp,S23KE0ZK4vcHHsVuZpVRFg,2,09 : 00,19 : 00,0,0
yelp,S23KE0ZK4vcHHsVuZpVRFg,3,09 : 00,19 : 00,0,0
yelp,S23KE0ZK4vcHHsVuZpVRFg,4,09 : 00,19 : 00,0,0
yelp,S23KE0ZK4vcHHsVuZpVRFg,5,09 : 00,19 : 00,0,0
yelp,S23KE0ZK4vcHHsVuZpVRFg,6,10 : 00,18 : 00,0,0
yelp,SpLFU9x9fqX66XylC8qoGA,0,13 : 00,22 : 00,0,0
yelp,SpLFU9x9fqX66XylC8qoGA,1,13 : 00,22 : 00,0,0
yelp,SpLFU9x9fqX66XylC8qoGA,2,13 : 00,22 : 00,0,0
yelp,SpLFU9x9fqX66XylC8qoGA,3,13 : 00,22 : 00,0,0
yelp,SpLFU9x9fqX66XylC8qoGA,4,15 : 00,22 : 00,0,0
yelp,SpLFU9x9fqX66XylC8qoGA,5,13 : 00,22 : 00,0,0
yelp,SpLFU9x9fqX66XylC8qoGA,6,13 : 00,22 : 00,0,0
yelp,STtLaPOzWQcjvQ5nSE37aA,0,16 : 00,22 : 00,0,0
yelp,STtLaPOzWQcjvQ5nSE37aA,1,16 : 00,22 : 00,0,0
yelp,STtLaPOzWQcjvQ5nSE37aA,2,14 : 00,22 : 00,0,0
yelp,STtLaPOzWQcjvQ5nSE37aA,3,14 : 00,22 : 00,0,0
yelp,STtLaPOzWQcjvQ5nSE37aA,4,12 : 00,23 : 00,0,0
yelp,STtLaPOzWQcjvQ5nSE37aA,5,12 : 00,23 : 00,0,0
yelp,STtLaPOzWQcjvQ5nSE37aA,6,12 : 00,22 : 00,0,0
yelp,SVj6Iy_95vNTIHJjXmFEaQ,0,10 : 00,21 : 00,0,0
yelp,SVj6Iy_95vNTIHJjXmFEaQ,1,10 : 00,21 : 00,0,0
yelp,SVj6Iy_95vNTIHJjXmFEaQ,2,10 : 00,21 : 00,0,0
yelp,SVj6Iy_95vNTIHJjXmFEaQ,3,10 : 00,21 : 00,0,0
yelp,SVj6Iy_95vNTIHJjXmFEaQ,4,10 : 00,21 : 00,0,0
yelp,SVj6Iy_95vNTIHJjXmFEaQ,5,10 : 00,21 : 00,0,0
yelp,SVj6Iy_95vNTIHJjXmFEaQ,6,10 : 00,20 : 00,0,0
yelp,T-vYQeuy8toLTDS8g8IHsg,0,17 : 00,21 : 00,0,0
yelp,T-vYQeuy8toLTDS8g8IHsg,1,17 : 00,22 : 00,0,0
yelp,T-vYQeuy8toLTDS8g8IHsg,2,17 : 00,22 : 00,0,0
yelp,T-vYQeuy8toLTDS8g8IHsg,3,17 : 00,22 : 00,0,0
yelp,T-vYQeuy8toLTDS8g8IHsg,4,17 : 00,23 : 00,0,0
yelp,T-vYQeuy8toLTDS8g8IHsg,5,15 : 00,23 : 00,0,0
yelp,T-vYQeuy8toLTDS8g8IHsg,6,11 : 00,21 : 00,0,0
yelp,T6zndpRoskQjjc0mREqyhw,0,16 : 30,20 : 30,0,0
yelp,T6zndpRoskQjjc0mREqyhw,1,16 : 30,20 : 30,0,0
yelp,T6zndpRoskQjjc0mREqyhw,2,16 : 30,20 : 30,0,0
yelp,T6zndpRoskQjjc0mREqyhw,3,16 : 30,20 : 30,0,0
yelp,T6zndpRoskQjjc0mREqyhw,4,11 : 30,22 : 00,0,0
yelp,T6zndpRoskQjjc0mREqyhw,5,11 : 30,22 : 00,0,0
yelp,T6zndpRoskQjjc0mREqyhw,6,11 : 30,20 : 00,0,0
yelp,tB2LegQ7Fa5dcLnlanNNKw,0,11 : 00,16 : 00,0,0
yelp,tB2LegQ7Fa5dcLnlanNNKw,1,11 : 00,16 : 00,0,0
yelp,tB2LegQ7Fa5dcLnlanNNKw,2,11 : 00,16 : 00,0,0
yelp,tB2LegQ7Fa5dcLnlanNNKw,3,11 : 00,16 : 00,0,0
yelp,tB2LegQ7Fa5dcLnlanNNKw,4,11 : 00,16 : 00,0,0
yelp,tB2LegQ7Fa5dcLnlanNNKw,5,11 : 00,16 : 00,0,0
yelp,tB2LegQ7Fa5dcLnlanNNKw,6,11 : 00,16 : 00,0,0
yelp,tR8rTk10oYroLjP6yn_7ww,0,11 : 00,23 : 00,0,0
yelp,tR8rTk10oYroLjP6yn_7ww,1,11 : 00,23 : 00,0,0
yelp,tR8rTk10oYroLjP6yn_7ww,2,11 : 00,00 : 00,1,1
yelp,tR8rTk10oYroLjP6yn_7ww,3,11 : 00,00 : 00,1,1
yelp,tR8rTk10oYroLjP6yn_7ww,4,11 : 00,01 : 00,1,1
yelp,tR8rTk10oYroLjP6yn_7ww,5,11 : 00,01 : 00,1,1
yelp,tR8rTk10oYroLjP6yn_7ww,6,11 : 00,22 : 00,0,0
yelp,TXNqNvsO0gfXYHjR6t6btA,3,12 : 00,22 : 30,0,0
yelp,TXNqNvsO0gfXYHjR6t6btA,4,14 : 00,23 : 30,0,0
yelp,TXNqNvsO0gfXYHjR6t6btA,5,16 : 00,00 : 00,1,1
yelp,TXNqNvsO0gfXYHjR6t6btA,6,17 : 00,23 : 00,0,0
yelp,u8323fYN3b4ZJXOILZx54Q,0,10 : 00,19 : 00,0,0
yelp,u8323fYN3b4ZJXOILZx54Q,1,10 : 00,19 : 00,0,0
yelp,u8323fYN3b4ZJXOILZx54Q,2,10 : 00,19 : 00,0,0
yelp,u8323fYN3b4ZJXOILZx54Q,3,10 : 00,19 : 00,0,0
yelp,u8323fYN3b4ZJXOILZx54Q,4,10 : 00,19 : 00,0,0
yelp,u8323fYN3b4ZJXOILZx54Q,5,10 : 00,19 : 00,0,0
yelp,u8323fYN3b4ZJXOILZx54Q,6,10 : 00,18 : 00,0,0
yelp,ULU1v4LqU5LbRNnMXbWykg,0,11 : 00,23 : 00,0,0
yelp,ULU1v4LqU5LbRNnMXbWykg,1,11 : 00,23 : 00,0,0
yelp,ULU1v4LqU5LbRNnMXbWykg,2,11 : 00,23 : 00,0,0
yelp,ULU1v4LqU5LbRNnMXbWykg,3,11 : 00,23 : 00,0,0
yelp,ULU1v4LqU5LbRNnMXbWykg,4,11 : 00,00 : 00,1,1
yelp,ULU1v4LqU5LbRNnMXbWykg,5,11 : 00,00 : 00,1,1
yelp,ULU1v4LqU5LbRNnMXbWykg,6,11 : 00,23 : 00,0,0
yelp,vA_D0aUfjro04ZBzrG8CWg,0,11 : 00,19 : 00,0,0
yelp,vA_D0aUfjro04ZBzrG8CWg,1,11 : 00,20 : 00,0,0
yelp,vA_D0aUfjro04ZBzrG8CWg,2,11 : 00,20 : 00,0,0
yelp,vA_D0aUfjro04ZBzrG8CWg,3,11 : 00,20 : 00,0,0
yelp,vA_D0aUfjro04ZBzrG8CWg,4,11 : 00,22 : 00,0,0
yelp,vA_D0aUfjro04ZBzrG8CWg,5,09 : 00,22 : 00,0,0
yelp,vA_D0aUfjro04ZBzrG8CWg,6,09 : 00,20 : 00,0,0
yelp,vv9DS3NcbIt-_j78cMN5ug,0,18 : 30,23 : 00,0,0
yelp,vv9DS3NcbIt-_j78cMN5ug,1,18 : 30,23 : 00,0,0
yelp,vv9DS3NcbIt-_j78cMN5ug,2,18 : 30,23 : 00,0,0
yelp,vv9DS3NcbIt-_j78cMN5ug,3,18 : 30,00 : 00,1,1
yelp,vv9DS3NcbIt-_j78cMN5ug,4,18 : 30,00 : 00,1,1
yelp,vv9DS3NcbIt-_j78cMN5ug,5,18 : 30,00 : 00,1,1
yelp,vv9DS3NcbIt-_j78cMN5ug,6,18 : 00,23 : 00,0,0
yelp,W9DvCHjr90UW7oKuPtKHKw,1,00 : 00,00 : 00,0,0
yelp,W9DvCHjr90UW7oKuPtKHKw,2,00 : 00,00 : 00,0,0
yelp,W9DvCHjr90UW7oKuPtKHKw,3,00 : 00,00 : 00,0,0
yelp,W9DvCHjr90UW7oKuPtKHKw,4,00 : 00,00 : 00,0,0
yelp,W9DvCHjr90UW7oKuPtKHKw,5,00 : 00,00 : 00,0,0
yelp,W9DvCHjr90UW7oKuPtKHKw,6,00 : 00,00 : 00,0,0
yelp,w_jkSpTEgFdDMbK37qbVUw,0,08 : 00,21 : 00,0,0
yelp,w_jkSpTEgFdDMbK37qbVUw,1,08 : 00,21 : 00,0,0
yelp,w_jkSpTEgFdDMbK37qbVUw,2,08 : 00,21 : 00,0,0
yelp,w_jkSpTEgFdDMbK37qbVUw,3,08 : 00,21 : 00,0,0
yelp,w_jkSpTEgFdDMbK37qbVUw,4,08 : 00,22 : 00,0,0
yelp,w_jkSpTEgFdDMbK37qbVUw,5,08 : 00,22 : 00,0,0
yelp,w_jkSpTEgFdDMbK37qbVUw,6,08 : 00,16 : 00,0,0
yelp,WCVjKoBLW-g7NJqkXOD1hw,0,09 : 00,21 : 00,0,0
yelp,WCVjKoBLW-g7NJqkXOD1hw,1,09 : 00,21 : 00,0,0
yelp,WCVjKoBLW-g7NJqkXOD1hw,2,09 : 00,21 : 00,0,0
yelp,WCVjKoBLW-g7NJqkXOD1hw,3,09 : 00,22 : 00,0,0
yelp,WCVjKoBLW-g7NJqkXOD1hw,4,08 : 00,22 : 00,0,0
yelp,WCVjKoBLW-g7NJqkXOD1hw,5,08 : 00,22 : 00,0,0
yelp,WCVjKoBLW-g7NJqkXOD1hw,6,08 : 00,21 : 00,0,0
yelp,wegGvfCmN8laX94wT830_A,0,12 : 00,15 : 00,0,0
yelp,wegGvfCmN8laX94wT830_A,0,16 : 30,20 : 00,0,0
yelp,wegGvfCmN8laX94wT830_A,2,12 : 00,15 : 00,0,0
yelp,wegGvfCmN8laX94wT830_A,2,16 : 30,20 : 00,0,0
yelp,wegGvfCmN8laX94wT830_A,3,12 : 00,15 : 00,0,0
yelp,wegGvfCmN8laX94wT830_A,3,16 : 30,20 : 00,0,0
yelp,wegGvfCmN8laX94wT830_A,4,12 : 00,15 : 00,0,0
yelp,wegGvfCmN8laX94wT830_A,4,16 : 30,21 : 00,0,0
yelp,wegGvfCmN8laX94wT830_A,5,12 : 00,21 : 00,0,0
yelp,wegGvfCmN8laX94wT830_A,6,12 : 00,20 : 00,0,0
yelp,wk6GQbFTJ-6r_wqno9uiag,0,11 : 00,21 : 00,0,0
yelp,wk6GQbFTJ-6r_wqno9uiag,1,11 : 00,21 : 00,0,0
yelp,wk6GQbFTJ-6r_wqno9uiag,2,11 : 00,21 : 00,0,0
yelp,wk6GQbFTJ-6r_wqno9uiag,3,11 : 00,21 : 00,0,0
yelp,wk6GQbFTJ-6r_wqno9uiag,4,11 : 00,21 : 30,0,0
yelp,wk6GQbFTJ-6r_wqno9uiag,5,11 : 00,21 : 30,0,0
yelp,wk6GQbFTJ-6r_wqno9uiag,6,11 : 00,21 : 00,0,0
yelp,wLXfBALxXsVXnvQwKgDB1g,0,00 : 00,00 : 00,0,0
yelp,wLXfBALxXsVXnvQwKgDB1g,1,00 : 00,00 : 00,0,0
yelp,wLXfBALxXsVXnvQwKgDB1g,2,00 : 00,00 : 00,0,0
yelp,wLXfBALxXsVXnvQwKgDB1g,3,00 : 00,00 : 00,0,0
yelp,wLXfBALxXsVXnvQwKgDB1g,4,00 : 00,00 : 00,0,0
yelp,wLXfBALxXsVXnvQwKgDB1g,5,00 : 00,00 : 00,0,0
yelp,wLXfBALxXsVXnvQwKgDB1g,6,00 : 00,00 : 00,0,0
yelp,wUfpCPXpwVz8q4NP3FEpvQ,0,07 : 00,20 : 00,0,0
yelp,wUfpCPXpwVz8q4NP3FEpvQ,1,07 : 00,20 : 00,0,0
yelp,wUfpCPXpwVz8q4NP3FEpvQ,2,07 : 00,20 : 00,0,0
yelp,wUfpCPXpwVz8q4NP3FEpvQ,3,07 : 00,20 : 00,0,0
yelp,wUfpCPXpwVz8q4NP3FEpvQ,4,07 : 00,20 : 00,0,0
yelp,wUfpCPXpwVz8q4NP3FEpvQ,5,07 : 00,20 : 00,0,0
yelp,wUfpCPXpwVz8q4NP3FEpvQ,6,07 : 00,20 : 00,0,0
yelp,wxMYLgRy-fNURdLNRJLhQQ,0,11 : 30,22 : 00,0,0
yelp,wxMYLgRy-fNURdLNRJLhQQ,1,11 : 30,22 : 00,0,0
yelp,wxMYLgRy-fNURdLNRJLhQQ,2,11 : 30,22 : 00,0,0
yelp,wxMYLgRy-fNURdLNRJLhQQ,3,11 : 30,22 : 00,0,0
yelp,wxMYLgRy-fNURdLNRJLhQQ,4,11 : 30,23 : 00,0,0
yelp,wxMYLgRy-fNURdLNRJLhQQ,5,11 : 30,23 : 00,0,0
yelp,wxMYLgRy-fNURdLNRJLhQQ,6,11 : 00,22 : 00,0,0
yelp,x-3TP0SU8DuQf8IScVBQkQ,0,10 : 00,01 : 00,1,1
yelp,x-3TP0SU8DuQf8IScVBQkQ,1,10 : 00,01 : 00,1,1
yelp,x-3TP0SU8DuQf8IScVBQkQ,2,10 : 00,01 : 00,1,1
yelp,x-3TP0SU8DuQf8IScVBQkQ,3,10 : 00,01 : 00,1,1
yelp,x-3TP0SU8DuQf8IScVBQkQ,4,10 : 00,02 : 00,1,1
yelp,x-3TP0SU8DuQf8IScVBQkQ,5,10 : 00,02 : 00,1,1
yelp,x-3TP0SU8DuQf8IScVBQkQ,6,10 : 00,01 : 00,1,1
yelp,x5oD1-3lEbL0BXW6qRDZRQ,0,06 : 00,22 : 00,0,0
yelp,x5oD1-3lEbL0BXW6qRDZRQ,1,06 : 00,22 : 00,0,0
yelp,x5oD1-3lEbL0BXW6qRDZRQ,2,06 : 00,22 : 00,0,0
yelp,x5oD1-3lEbL0BXW6qRDZRQ,3,06 : 00,22 : 00,0,0
yelp,x5oD1-3lEbL0BXW6qRDZRQ,4,06 : 00,22 : 00,0,0
yelp,x5oD1-3lEbL0BXW6qRDZRQ,5,06 : 00,22 : 00,0,0
yelp,x5oD1-3lEbL0BXW6qRDZRQ,6,06 : 00,22 : 00,0,0
yelp,x96GrCPiqmRbQVVfJnKOew,0,11 : 00,21 : 00,0,0
yelp,x96GrCPiqmRbQVVfJnKOew,1,11 : 00,21 : 00,0,0
yelp,x96GrCPiqmRbQVVfJnKOew,2,11 : 00,21 : 00,0,0
yelp,x96GrCPiqmRbQVVfJnKOew,3,11 : 00,21 : 00,0,0
yelp,x96GrCPiqmRbQVVfJnKOew,4,11 : 00,20 : 00,0,0
yelp,x96GrCPiqmRbQVVfJnKOew,5,11 : 00,19 : 00,0,0
yelp,x96GrCPiqmRbQVVfJnKOew,6,11 : 00,18 : 00,0,0
yelp,xIbINpWc2TZorB9FnLvixw,0,11 : 00,23 : 00,0,0
yelp,xIbINpWc2TZorB9FnLvixw,1,11 : 00,23 : 00,0,0
yelp,xIbINpWc2TZorB9FnLvixw,2,11 : 00,23 : 00,0,0
yelp,xIbINpWc2TZorB9FnLvixw,3,11 : 00,23 : 00,0,0
yelp,xIbINpWc2TZorB9FnLvixw,4,11 : 00,23 : 00,0,0
yelp,xIbINpWc2TZorB9FnLvixw,5,11 : 00,23 : 00,0,0
yelp,xIbINpWc2TZorB9FnLvixw,6,11 : 00,23 : 00,0,0
yelp,XN06Vl1v6XEfecypFSf97Q,0,12 : 00,00 : 00,1,1
yelp,XN06Vl1v6XEfecypFSf97Q,1,12 : 00,00 : 00,1,1
yelp,XN06Vl1v6XEfecypFSf97Q,2,09 : 00,00 : 00,1,1
yelp,XN06Vl1v6XEfecypFSf97Q,3,12 : 00,00 : 00,1,1
yelp,XN06Vl1v6XEfecypFSf97Q,4,12 : 00,00 : 00,1,1
yelp,XN06Vl1v6XEfecypFSf97Q,5,10 : 00,00 : 00,1,1
yelp,XN06Vl1v6XEfecypFSf97Q,6,09 : 00,00 : 00,1,1
yelp,xN1f9qxnPZjn8lgpW-qUmQ,0,08 : 30,16 : 00,0,0
yelp,xN1f9qxnPZjn8lgpW-qUmQ,1,08 : 30,16 : 00,0,0
yelp,xN1f9qxnPZjn8lgpW-qUmQ,2,08 : 30,16 : 00,0,0
yelp,xN1f9qxnPZjn8lgpW-qUmQ,3,08 : 30,16 : 00,0,0
yelp,xN1f9qxnPZjn8lgpW-qUmQ,4,08 : 30,18 : 00,0,0
yelp,xN1f9qxnPZjn8lgpW-qUmQ,5,08 : 00,18 : 00,0,0
yelp,xN1f9qxnPZjn8lgpW-qUmQ,6,08 : 00,18 : 00,0,0
yelp,Xn_Vq6WvXpzvNU0xnApUxw,0,11 : 00,21 : 00,0,0
yelp,Xn_Vq6WvXpzvNU0xnApUxw,1,11 : 00,21 : 00,0,0
yelp,Xn_Vq6WvXpzvNU0xnApUxw,2,11 : 00,21 : 00,0,0
yelp,Xn_Vq6WvXpzvNU0xnApUxw,3,11 : 00,21 : 00,0,0
yelp,Xn_Vq6WvXpzvNU0xnApUxw,4,11 : 00,21 : 00,0,0
yelp,Xn_Vq6WvXpzvNU0xnApUxw,5,11 : 00,21 : 00,0,0
yelp,Xn_Vq6WvXpzvNU0xnApUxw,6,14 : 00,19 : 00,0,0
yelp,Xql2b7yE58m4gePiXY-fgw,0,11 : 00,15 : 00,0,0
yelp,Xql2b7yE58m4gePiXY-fgw,1,11 : 00,15 : 00,0,0
yelp,Xql2b7yE58m4gePiXY-fgw,2,11 : 00,15 : 00,0,0
yelp,Xql2b7yE58m4gePiXY-fgw,3,11 : 00,15 : 00,0,0
yelp,Xql2b7yE58m4gePiXY-fgw,4,11 : 00,15 : 00,0,0
yelp,xRnhBtG63UNqQaC7wJUUZA,0,11 : 00,21 : 00,0,0
yelp,xRnhBtG63UNqQaC7wJUUZA,1,11 : 00,21 : 00,0,0
yelp,xRnhBtG63UNqQaC7wJUUZA,2,11 : 00,21 : 00,0,0
yelp,xRnhBtG63UNqQaC7wJUUZA,3,11 : 00,21 : 00,0,0
yelp,xRnhBtG63UNqQaC7wJUUZA,4,11 : 00,21 : 00,0,0
yelp,xRnhBtG63UNqQaC7wJUUZA,5,11 : 00,21 : 00,0,0
yelp,xRnhBtG63UNqQaC7wJUUZA,6,11 : 00,19 : 00,0,0
yelp,yCKq3dpZGI6NOebGOl_wAA,0,14 : 00,22 : 00,0,0
yelp,yCKq3dpZGI6NOebGOl_wAA,1,14 : 00,22 : 00,0,0
yelp,yCKq3dpZGI6NOebGOl_wAA,2,14 : 00,22 : 00,0,0
yelp,yCKq3dpZGI6NOebGOl_wAA,3,14 : 00,22 : 00,0,0
yelp,yCKq3dpZGI6NOebGOl_wAA,4,14 : 00,22 : 00,0,0
yelp,yCKq3dpZGI6NOebGOl_wAA,5,12 : 00,22 : 00,0,0
yelp,yCKq3dpZGI6NOebGOl_wAA,6,12 : 00,22 : 00,0,0
yelp,yHKpTbspgKBlCVaknfus8g,0,10 : 00,21 : 30,0,0
yelp,yHKpTbspgKBlCVaknfus8g,1,10 : 00,21 : 30,0,0
yelp,yHKpTbspgKBlCVaknfus8g,2,10 : 00,21 : 30,0,0
yelp,yHKpTbspgKBlCVaknfus8g,3,10 : 00,21 : 30,0,0
yelp,yHKpTbspgKBlCVaknfus8g,4,10 : 00,21 : 30,0,0
yelp,yHKpTbspgKBlCVaknfus8g,5,10 : 00,21 : 30,0,0
yelp,yHKpTbspgKBlCVaknfus8g,6,10 : 00,21 : 30,0,0
yelp,YUQ6-6dHKSJQxL8ZLWhe2g,1,12 : 00,20 : 00,0,0
yelp,YUQ6-6dHKSJQxL8ZLWhe2g,2,12 : 00,20 : 00,0,0
yelp,YUQ6-6dHKSJQxL8ZLWhe2g,3,12 : 00,20 : 00,0,0
yelp,YUQ6-6dHKSJQxL8ZLWhe2g,4,12 : 00,20 : 00,0,0
yelp,YUQ6-6dHKSJQxL8ZLWhe2g,5,12 : 00,20 : 00,0,0
yelp,YUQ6-6dHKSJQxL8ZLWhe2g,6,12 : 00,20 : 00,0,0
yelp,Z9Qz1DaPMvPaqMVK09ZYqg,0,10 : 00,02 : 00,1,1
yelp,Z9Qz1DaPMvPaqMVK09ZYqg,1,10 : 00,02 : 00,1,1
yelp,Z9Qz1DaPMvPaqMVK09ZYqg,2,10 : 00,02 : 00,1,1
yelp,Z9Qz1DaPMvPaqMVK09ZYqg,3,10 : 00,02 : 00,1,1
yelp,Z9Qz1DaPMvPaqMVK09ZYqg,4,10 : 00,02 : 00,1,1
yelp,Z9Qz1DaPMvPaqMVK09ZYqg,5,10 : 00,02 : 00,1,1
yelp,Z9Qz1DaPMvPaqMVK09ZYqg,6,10 : 00,02 : 00,1,1
yelp,z_uwU0ZDX1ZtbjQW-7O-nA,0,10 : 00,21 : 00,0,0
yelp,z_uwU0ZDX1ZtbjQW-7O-nA,1,10 : 00,21 : 00,0,0
yelp,z_uwU0ZDX1ZtbjQW-7O-nA,2,10 : 00,21 : 00,0,0
yelp,z_uwU0ZDX1ZtbjQW-7O-nA,3,10 : 00,21 : 00,0,0
yelp,z_uwU0ZDX1ZtbjQW-7O-nA,4,10 : 00,21 : 00,0,0
yelp,z_uwU0ZDX1ZtbjQW-7O-nA,5,10 : 00,21 : 00,0,0
yelp,z_uwU0ZDX1ZtbjQW-7O-nA,6,10 : 00,21 : 00,0,0
yelp,zabg3jzVrVHD2gCYzhszCQ,1,10 : 00,20 : 00,0,0
yelp,zabg3jzVrVHD2gCYzhszCQ,2,10 : 00,20 : 00,0,0
yelp,zabg3jzVrVHD2gCYzhszCQ,3,10 : 00,20 : 00,0,0
yelp,zabg3jzVrVHD2gCYzhszCQ,4,10 : 00,21 : 00,0,0
yelp,zabg3jzVrVHD2gCYzhszCQ,5,10 : 00,21 : 00,0,0
yelp,ZN0yWM9ThxeMpFF-J2y5Uw,0,08 : 00,18 : 30,0,0
yelp,ZN0yWM9ThxeMpFF-J2y5Uw,1,08 : 00,18 : 30,0,0
yelp,ZN0yWM9ThxeMpFF-J2y5Uw,2,08 : 00,18 : 30,0,0
yelp,ZN0yWM9ThxeMpFF-J2y5Uw,3,08 : 00,18 : 30,0,0
yelp,ZN0yWM9ThxeMpFF-J2y5Uw,4,08 : 00,18 : 30,0,0
yelp,ZN0yWM9ThxeMpFF-J2y5Uw,5,09 : 00,18 : 30,0,0
yelp,ZN0yWM9ThxeMpFF-J2y5Uw,6,09 : 00,18 : 00,0,0
yelp,ZWOilU4wdFnsnl-6Qv5qJQ,1,11 : 30,21 : 00,0,0
yelp,ZWOilU4wdFnsnl-6Qv5qJQ,2,11 : 30,21 : 00,0,0
yelp,ZWOilU4wdFnsnl-6Qv5qJQ,3,11 : 30,21 : 00,0,0
yelp,ZWOilU4wdFnsnl-6Qv5qJQ,4,11 : 30,21 : 00,0,0
yelp,ZWOilU4wdFnsnl-6Qv5qJQ,5,11 : 30,21 : 00,0,0
